RNA-Name,RNA-Sequence,RNA-Class,RNA-Shape
"C17ORF85_Baltz2012.train.neg_403;chr13,60567203,60567239,-",tgttaaacatgagctgaaaattttgtgatttaaaaatttttatcatttaagctatatattaaaggatttagtgagctctgttatttatttctggttaaaacatagggtaattttgaatttttgccaaagtatgagaaccattgcctgataAATTAACTTCTAGAAATTAATTATACAGTGTTTATTtataaccttgttaactagagttaagacccttgttgaccttgaagtctttgggactttgagtctctcttgatgaatggaaaactattttattatcctattttaggtaagtgttatctatccaataggtatattggatatgttcaatttctg,0,
"C17ORF85_Baltz2012.train.neg_1834;chr8,21812628,21812650,+",gagctattacaggattgttcttccagtatagacctgcttataaaaatgcagtttttagggaaatggtaatatagcaggaaagtttatttacatacatggttgtttaacactgcaaatttgggttctcaaatagctgaatattggcattctTTCTTCAAGTAATCTGCCTGGCctgtataatctttcatactcagccattttcatagtggagtacgttgttttggtcttttaatattgtccatgcagaatcaattccataaaaggaattaaacaactttcttttttatgaagaaggagtgaaggtggcaaaagccaggtatat,0,
"C17ORF85_Baltz2012.train.neg_537;chr15,45709806,45709854,+",taggtgtccatggtgttctacttaccctgggttccgccttcttccttgcctggtggcctttcatgacatcataattttgatcttcctttgttggatactctgatcttgttcacagagaaacataagcctaaatatatggtggttatttttTGTGTTGTGGCAGACTCTAAATACTGAGTCTACTCAGCGTTATTTTGCaactagagtggaggaatcctaaagtgttaaaagggctttgaagattgagtcagcatccttatcatacagtgcagaagtctgaaattacagagattatgcagtgtatcgtggtcaaccagtaaatttgttgtccgtaaagtacggtgcaga,0,
"C17ORF85_Baltz2012.train.neg_1871;chr8,38293703,38293739,-",tgagacagtgtctctgttgcccaggctggagtgcagtggcaagattatagctcctgcagccttgagttcctgggctcaagggatcctccctcctctgcctcccaagtgcctggggactacaggcatgcaccactatgcctggctaattttTTTATTTTTCGCAGAGACAGGGTCTCACTATGTTGCcagggctggttttgaactcctggcctcaagcagtcctcccaccttggcctcccaaagggctgggattacaggcatgagccactgcacccagtccgcaatgcactgttaacacatggcacctagagcctgtaatagtgaacagccagtctt,0,
"C17ORF85_Baltz2012.train.neg_562;chr15,91454557,91454588,+",ctcgcttaagtcacgacgccctcccagagcgcacggtgatccagctggattcctcgcccaggtaacctggactacgccatgtgcagagaggcagagccattccctggctctcaggcccctctgccccagcatgtgctgaaccagtgcaggGCGCTTGCCCTGGTCGGAAGCAGCAGCCTCCtgggtcagcccaccttctacgcacaggtttgtggtcctattcaacccactggaacaggagcgattcagcatggtgtccctgctggtcaactctccccgcgtgcgtgtcctttcggaggagggtcagcccctggccgtgcagatcagcgca,0,
"C17ORF85_Baltz2012.train.neg_2059;chrX,153283557,153283615,-",gaccgaggtggagcagctgtccaggtgaggccagagggggagccacaccaggtcccgtggggcttcagaccgcacaccacaggacctggctcccttgggcacctgaggcctggcaggcccgggcgagctgaggccccagccagggctgccCACCCAGTCTGGCCTGATGGAAAGTGCTCCCCTTTTTCAAACAGGTTTCGTCACCCAAacattgtggactttgctggctactgtgctcagaacggcttctactgcctggtgtacggcttcctgcccaacggctccctggaggaccgtctccactgccaggtaggctcacctggcccggcacgcttcccaggacccaaagcactcctga,0,
"C17ORF85_Baltz2012.train.neg_1032;chr19,45932737,45932759,-",tgtgctctggaatggcaactacccagggtccctgagtccattcctttgcctccagaacatcccagttctcttgctggtgagaaacaagtgtgtatatctggttcacctcccctctttccgcctttctcattttgtataaataggtcctccATTCTGTCTTTATTTTTCTTTCcttctttctttctttttttgagatggagtttcgctgtttttgcccagactggagtgcagtggcgcgatcttggctcactacaacctctgtctcccaggttcaagcgattctcctgcctcagcctcccgagtagctgggattataggcatg,0,
"C17ORF85_Baltz2012.train.neg_928;chr18,67796202,67796227,-",aagatactgctattgaatctgtttttatttctaaacatatttcttggttcttgttgaatttattgatgatgaaaccatgttctcaagtgaaaacaataagctggaattcagtcatttagtgacctctatgatcataggcaattcatttatCAGCTTTAAGCCTCATTTTTGATCAtttgtaaaataggtatcatagtgccataccatgtaactgtgaatgaatgatacaaaataagcagtgtttggcataaagtaaatatcagtgttttagctgaacaccttttatgtttggttcactgtattcatggtccctgacttcaaggag,0,
"C17ORF85_Baltz2012.train.neg_1632;chr5,77408200,77408243,-",tttctagaaagggaaagttttgttcagtgcatgaaatgtcctttcagatggcaaaagtcagtatactcaaaatttgtagtcatgtattaggtttattattcttttcttcagaaatggatttttctctttacccatgtttgaatttaaaagAATTGTTTATTACAAAGAGAACCACAAATACATTCTAAACCTTatatttttaagtacacattttaaccagtgaattggggataataaattgccatttttttgccagggaaaaacaacaacatatttttcagtcttcaaatataattacatgtgctctgagatgttaccatggctccatttttaataaatagca,0,
"C17ORF85_Baltz2012.train.neg_42;chr1,162467572,162467597,+",ttcaggtctatgtgaaagcggttaacactgggcctggaatggtagatactcaataattaaggttacttcttattctcggttcttttttccaaacctagcgcgtctaatctcttctaggccccgccccttctgagccccccctccttcggcCTGTATGATAGGCTCTTCCTCCATTtccggcttctgggactcgggtgcaccacggcttccggtgtcatggctgcttgaagtcccgggagtcggtgaggcggctgcaggtccctccctgcggagccgctggtccggctggcggagatgtgaccgcgggcccggccggcctgcctca,0,
"C17ORF85_Baltz2012.train.neg_255;chr12,50795117,50795139,+",ctctgcgcgctcacaacactctaggaagctatgggaggtgaggcccgtagtggagaagaattgaaggagaaaaacggagggctgttctggtgtggcggtgaggttcagaggaaggggaaagtgtcccatatggacctcctaaaggaggcaGCATTGGGGGGTTGGGGGGCGGagtctgagggaggagagggtaatcaggtgggcgcgttccgggggccgagcgcggcctcgcggggcccctctgggagggaggcgagcaacatgtggggccacggatggagaaaggtgaaatgcggtaagtattttgaaaagaaaattgaaa,0,
"C17ORF85_Baltz2012.train.neg_983;chr19,49994741,49994764,+",ccagctctcaacagctccggctcttcagggtgtgggggcttagatatccttacaacttcatttgttcaccccccccccccccccccgcagtttgcctatctggggcgcctggctcacgaggttggctggaagtaccaggcagtgacagccACCCTGGAGGAGAAGAGGAAAGAgaaagccaagatccactaccggaagaagaaacagctcatggtgaggccaggggctggtgctgaggggggcatctcactcctggacaggcctggcaggtgccttgctcacagagtactcttaactggcaaaggaccagccggggttggggt,0,
"C17ORF85_Baltz2012.train.neg_868;chr18,60024001,60024024,+",gtcagcctgatcgcagctgccccatttctatcatcctgcttttgcccttaatagagcgggaaaggtgggaactgtgctgggaggcgcaggaactctgccatccccaatgtccacttgtcacctcgttcagcatctcagaggtttggcagcATAGCAGCAAACTATGGGGTGGGtaaaaagtatatcttttgtgaaatgggaaaagtgtgattatgaaagggagcaaggaaaggagcctgcaggatgcttctggcaggtcagtgttactaagagtcatatggaagtcaagctatggaaattaacacccttaaccctttgtatgc,0,
"C17ORF85_Baltz2012.train.neg_275;chr12,104333472,104333494,+",gatatcaaaccaatatggcagagaccatcaaaagaagtagaagaagatgaatacaaagctttctacaaatcattttcaaaggtaaatatttataattccctagtttctggttattaatgaatagacaaaatatcaccctcttagtttaatTGTATATGGTATGTGACCATGAatatgagatggtccattcccattttttcccagtgagaaaattcaaaaaaagacctttaggccaactataatatgtctacttctggtttattgacctagtcacaattaaaatcacatttatgaacctttgagattgacacctcagtagaga,0,
"C17ORF85_Baltz2012.train.neg_1962;chr9,72372348,72372370,-",tttgtttatgtagaaatatttagccagaaggagttgaggatgcagtggtgagatgtggattttgttactgtatgatgtgaataggtaccttctctcagcctcagtttcctcttgatcttgtgaggctgatgaaaacaggaaaatcacctcACACAGTGGTACTTAGTTGCCActcaataaatattagaccttccctgaatctctgtgttcctcaccaaaaatatattggacaaatgattggtgaatatgaagcactttataaacctggataatactatataaatgctgtttgtatggttgagtattagataatcatattgga,0,
"C17ORF85_Baltz2012.train.neg_1810;chr7,100423194,100423245,-",caccaggcctgtgctgagcgccttacaaatattaatttcacccatccagcaacgctaagggtggtgctattattgcccccatttttcagatgaggaggctggggcttagttaaggttaagtagtttatccaaggccctgtgccgcgaggaACAGCGAGAAGTGGAGGCCGAAAGCGAAGGAGAGATAGTGACTGTCAGAAAgagaaacggaggtggacagagagtggaggagagataggtgagagacatgcgaactgacagatcaaagcgtggctgcagctgagctgggacgcagaaagggagcctgcgcttgctctgggctgcggacagcccgaggcagagacagtgtgt,0,
"C17ORF85_Baltz2012.train.neg_2011;chrX,20146578,20146604,-",attaggtcagtatcacactgaacgggatcaatcatatcatgcttcctgtgtctgctcccatccatgagatacaaaaatctcaaattacaagcattaaaggaaggagacagtaaattttattaagaatattttgcataacatgtaacattaCAAAGGAGATCATCACGATTTACTTAtagcaggccagaattataggaatttcttcttcaaactggatttgtttctcacatagcctaaggaggtgaaagtctcccttatatatggagtagactgttggaatataagaattctttttcctttcatctgatgttcttttcccttccaga,0,
"C17ORF85_Baltz2012.train.neg_671;chr16,2013156,2013180,-",ttggttcttgaatatcataatggtattaagtttttttttaatgctctccctacaattttcttgtttgtttcaggaatcagagatcattgatttcttcctgggggcctctctcaaggatgaggttttgaagattatgccagtgcagaagcaGACCCGTGCCGGCCAGCGCACCAGgttcaaggtacccggctgtcctggagggggctgcgctgggcttgccgggactctctcggctctgcatagttgcacttggcttcacccgtgtgactttcgtaacggggagagagagaaaagatctcctcaggacctcggatgggccttact,0,
"C17ORF85_Baltz2012.train.neg_309;chr12,54070678,54070704,-",ggtgagcttttcccgtctttctcgtgctgcgttcaagcacgatgcagggacggcaggggtttggaactggataggccttgtcgccctgttccaaagggcagggcaggtcctgtctgggagacaaggaggcctaggaaagatgagggccagGAAGCCTCCCCCACCTCCTTCCATCAggggaagggcgagcgaaaggggagagaaaacccacgttcaggagagcatgggggcgggaggggagggcgctgcttatcccaactcgcgtagttgaaacctgagcagaggctcgggcaagcctggagtgacctcgcaaccttacagcgggt,0,
"C17ORF85_Baltz2012.train.neg_1291;chr21,33971935,33971989,-",ctctctgagcttggtgtgtttgggtgcagcagatctcaggaagtacgtgagtagcttatttgcaagccatctgtgacggcggggggcaggtggtgcccgctgtggcaccgtgctgtgtgtgttccctttgcatccacttgctgactcaccCAAGGTCACAGGTAGCTAGTGGTGGTAGGACCACAGGGTCACGTCCAGGAACTTtcccaggatttcccaagaaatcaatttatcaacaaaagtaatcttgccagtgttagaccactgatcagcttaagtctgtggtcttgttgttattttcttctttttttaatccagtccctgtttgagtcaatatcaaaaggaaaccaagtg,0,
"C17ORF85_Baltz2012.train.neg_1910;chr9,36576558,36576580,+",atttctgctttgatgttgaagactgaaccttgttttttaaagctgatttaatttttttcttgagtgtcgatatttttccttctaaagcttctgctctagttttctattcattgaccaaattttttttgtttgtttttgagctggagtctcACTCCTGTCGTGCAGGCCAGAGtgcagtggcgtgatcgcgggtcactgcaacctccacctcctgggttcaagcgattctccttcctcagcctccctagcagctgggattacaggtgtgcatcaccacgcccggctaatttttgtatttttagtagagacggggtttctgcat,0,
"C17ORF85_Baltz2012.train.neg_987;chr19,54606290,54606319,+",cagggtgctccgcgtcctcgccgctgtcgccgccgcggagacaaagatggctgcgagtaagtgcaggttccggtggcgcacggggctcgggtagttctgggaacctctgggcggtcctgggactgaggtgcggcagggcaggggtggaagCGATGGGGTCCGTGCTGGAGGGGAACGCAgaagtcacgagggggctcctccagggcaggggtggcacgagagggttagaggtcaccgggggcagctacttgcaggggtgacgcttcttgccaccccttcaggagtcggcgccttcctcaagaatgcctgggacaaggagccagtgctgg,0,
"C17ORF85_Baltz2012.train.neg_1085;chr2,61730080,61730106,-",tagccaggcatggtggttgatgcctgtactcgggagcctgaggcaggagaatcacttgaacctgggaggcagaggttgcagggagccaagattgtgccactgcactccagtgtgtgtgacataacaggactccgtctcaaaaaaaaaaaaAAAAAAGAAAAGAAACACATGGAACCaaatcaggatgaaagaaactggaatagcagtttgttataggctgggcttgttggcttgttcctgtaattccagcactttgggaggcccaggcaggaggatcacttgagtctatgagtttaagaccaacctgggcaacaatgccagatccc,0,
"C17ORF85_Baltz2012.train.neg_713;chr16,88835373,88835395,-",cctcattatgcgtgtgcaaatattccaaaatccagaaaatcctaaactggaaatacttctggcccctttggatgaggggcccccactctgcatagcaagtgtgggcgcgggtgctgctgtgtcctagcgtacttcagtgtgtggcctttgCAGTGAATAGGGCTGGTGTCCTcactgtacagatgaggaaactgaggcccagcttgctttgccaaggtgcatccggccccggccatggctattctggctccagatcccatggtctgcagccacaatactgctgtgccccggactgggccctgcagctcgcggtgtcgctggc,0,
"C17ORF85_Baltz2012.train.neg_274;chr12,102582314,102582338,+",gagatccctacaaggctcgcagttgaaagcttagagcacacccgaggaagagataagaaccagaagtcaaatgtgagttaatgaaaagtgcaacccagctctgatgcagctcattccttgattgtattgaggttatcagtctttcactgtGTCTGCCTAACAGTGAAAAGGAGAactcttcttgctggaagaggtcatctgtagcttctagagttcctttatgtgcaatatccagcatgaaataaactatactggacatgagaaaaggcaagatgatttgtcctttaataaagggaaaacatttaacaatagagggagactcac,0,
"C17ORF85_Baltz2012.train.neg_735;chr17,30699827,30699867,+",tgtaatttttgcatgcatccaaacgtaattaagcttctagaaaataccttttttctaaatgcttctggggtccatagtgtggttgaattatgagtggagcaaattatattcatataattaactctgactcaaccttccttaagtagtagaTGAAGTTGAGTCAAAGTGGATGCCAACTGCCCTCACAGAAgacaacttttgggacttgataattcaggcaggcattgtgattgtcataattaaggaagctgtaaggttagtagggctggcaactttggctctaccttacatccaccccttttagaaaaacaagaaaacattttgtctggcactagtttct,0,
"C17ORF85_Baltz2012.train.neg_965;chr19,39857390,39857414,+",caaacttaagcagaattaggagtgtatgtgaattctaggccacagagttctaaggggatcattaagagaaatagggctacagacagggcatttctgagtttgtatgcaaggccaggtgtccatccttcagtgtgggcagaggagaccagaAGTCCATGGAACTTTTTTTTTAAGtcaatcctgaagcatgctagatgtccttggaatcgtaaaggcctaaggaacttgggttgaaagaccctcagatgtctaggtttccaagactttccttataggtgcttattcctagcctcttggtttcctgggcccagagatttggcttgt,0,
"C17ORF85_Baltz2012.train.neg_8;chr1,32660194,32660218,+",aggtagtttgtgatttcacagcttgtaatgtagaagaaaggaactaacgatggagcagcaactgcaagccagaccttgctgaaagtttttgggttttttttgtcttttttgctgctgaatgtttttaggtacgttgttcattgaaccttcTCTTGAGCTCTGAGGATGGTATTAgtagtcctgttttatagatgagacaggctcaaaagtcaagtcctttgccaaggtcacgtggtagataaatggaggaatacgttatctccaagccgtgccccttttctgcaccatgctgccccacctgacagcctagtcatggcttcaact,0,
"C17ORF85_Baltz2012.train.neg_1195;chr20,43147914,43147933,-",atttttcttttatcttctatcacattagaaaatcctggtgagttgaaggccaggcatggtggctcacgccaggatggtctcaatctcctgacctcgtgatccgccggcctcccagagtgcttggattacaggtgtgagccaccgcgtcttGCCCGGCTTTTACTCTTAAgttatatgggaatctattacagagtttgaaaaaaggagtgatgtgatctgggcctgtgttttaacgaggtggtttctggttgctgtgtggagaatagatggtagaaaagtaaaggtaaagcagtgtaggctgggaagaatcttcctccag,0,
"C17ORF85_Baltz2012.train.neg_870;chr18,60035281,60035305,+",ttcttctgcctcagcctcctgagtatctgggattacaggtgcccgccaccacacccaactaatttttgtatttttagtagagacagggtttcactgtgttgcccaggctggtcttgaactcctgaactcaggtgatccacccaccttggtCTCCCAAAATCCTGGGATTGCAGGcatgagccaccacgcctggttagatctactttctttgatataaaatgtatacatttgaaagcataagctcaaactgatttctctaattccaggccaactcaacatgattcattctggtctttccctttcccatatttgaatctttctttc,0,
"C17ORF85_Baltz2012.train.neg_35;chr1,151210591,151210625,+",tacatactgtagagagttcctggggttagaggaaggatctcattttctcctgtttttttaatgtatttttttctctttttgttttcttgatcacttattatctgaccttctggtttatggaggatgaggcagttatgtgtaggtttcactTCCCCATCCTGATCTGACTAAACTAGCCAACAGAttttctcaccctttcctttttgccttttccagtatgggtggcatccctgcccggaatagtaaaggggaaaggcttctgctttatattggcatcattgacattctacagtcttacaggtgaggagcatatggatcccaaattaagagaggg,0,
"C17ORF85_Baltz2012.train.neg_869;chr18,60031386,60031412,+",cagtgccctcctggaggaagcatcttagtgggcagggtaggcgttaagcccacagagggaagctgagtatgcaagagaaggtgctgagcaccaagtggcagatgacagaaggtcagcccatccctggggccagccagggtctcccagaggAGGAAATGGGTGAGTTAAGATCTGAAagacaagtcagaattcactagacaaggggcatcaggagaaccacaggcattctatcgtgagagagctgcatgatgaggggagcacagtgcattagcgggctggaaggagctaatggcaccgtagcagaaagccagggaccaagtggaaga,0,
"C17ORF85_Baltz2012.train.neg_1200;chr20,43277534,43277560,-",aaccatctttcctaaactacctctgcagaagcctttggggatagaggtgccagtgccccaggtgcaaacctcctgagacaggagcctttgctgtgtccttcagcttctcatacctgccaccagctgaggcctgggacctggtcagctagaAGAAAGCAGAGCAGGGCAGCGCTTTTcaaactgcactcaagtggcctgacttttaatgttcacactgtgattctgtgtgggtcgggttggggcctgcgatgctgcactgctgaccagctcccaggaaatgctaatgtcaacgatccaggaacacactttgcttagcaaggccctag,0,
"C17ORF85_Baltz2012.train.neg_738;chr17,34906972,34907012,+",gccattgtcctaagtgtttgaaaggcgaggacagagtatttagtttgagtgcattgtctccagccagagtagtgagtaaatacaagagaaaatttagtagtatgcaagctgatgaaaccaggaaagatagaaatagattagatcttagtaTTTTTGCTACTAATTAGGTGAAAATGAAATGATTGGAAACaagttttgtttttaaaaataaccgtgttctttattgacttttttttttttttgagaccgagttttgctcttgtcgctcaagctggcgtgcaatggcacgatcttggctcaccacaacctccgccttctgggttcaagtgattctcctgtc,0,
"C17ORF85_Baltz2012.train.neg_1687;chr6,84583303,84583335,+",ttcaccatcttggccaggctggtcttgaactcttgacctcaagtgatccacctgcctcagcctcccaaagtgctgggattacaggcatgagccaccttctgagacagtttttatctttagtaatttgatgaaacatagtttttgctttttCGTATGACTGTGTGTAGTTGTCGCTCATAAAAtatagagaagacaggttttaagtttcctttgttggttcattcatttaatgaatatttctcaagggtctgctatgcgtgtgcattacaccaggttctggagggtaatacaaatttaaaatagagatggcttgtgctctcatagaattgaca,0,
"C17ORF85_Baltz2012.train.neg_1904;chr9,27055979,27056010,+",gtaatatatttgtggtttataggatttattattttaagttgattattttatatatataagtgagaaaaaataaaaatgtttacatatgtagttggaatttagagtgacttaaagttttaaagaaaagcaaaaattgaaaagcaaggtataAGCTGCTACTTAATACAGAGCATTTCAGCAGatgtgagctttgttaaatgcagtttagattatgactctatcctacctgaaacttgtcagtggctttccattgccatttacattaatttagacttaatttggtagggtcgggagagatatggcagcattaatagagttattaatacagata,0,
"C17ORF85_Baltz2012.train.neg_1677;chr6,42982659,42982689,+",tggagcttggaatggtaggagaaggaaaaatgagaaaactgcaaagctctcacgagatcaagaagggcgagaaatggggaataaaaaatgcaagagaccaggcgggtagatacattaagggaatagaagaagtttgaaaatgcttggtggTGATGGAGGACTGGGGAGACCCAGGGATAAgaggagcccctgagcgcctgggggcttgttctccttgaatttgagttgtttatatggcagagaaactaaaattttttttctccacctttggctggaattgcttatctcctctcctgtgcatattttactttaccttgacatatctgaagg,0,
"C17ORF85_Baltz2012.train.neg_751;chr17,47103536,47103606,+",ttgtgtttttattggagacagggtttcaccatgttgatcaggctggtctcaaacgcctgacctcaagtgagccaccgtgcctggcctcatgtaacccacagccccatctttaggttgtccctatggtgagagacattagggaggtggatgAGTGTTTCCTAAGCCCTAAACTTGGTAATATGGCAGAAGATAATTTAGGGACCCAGGCAGCCCAGGTCTGcttcccaaaaggcccttaaggcagaacttaagtacactcctgcaaagataccccatcagcattagcaccctagaaaggtcacactggacaggtaataatgctcaaacactcctatggctctgtcaatgcccgattgctttgggatgcagg,0,
"C17ORF85_Baltz2012.train.neg_580;chr15,41407491,41407514,-",tggtgttgggtgggggcaggctgacacctgcatagacttgggagtgtctagatgacacctcttctggttttttaggtttttacatagcgactaggaaagtgtcatcctattttgacattccttcttgagctcgctaatggaaagtactacTTCCGTAATCTCCGAGGCTAGAAgccccctacagtttaggaatgacagaacctaggcagccacttactattctagttaacagccaactgtgcctggaattctttgattcacacactgtctctagtttgatgtacttgttagaaatgggggaaggaatttggaggttgacctgg,0,
"C17ORF85_Baltz2012.train.neg_271;chr12,69634520,69634583,+",aatgaaagaacgttcaccccaaatccttatgatgtggtttaaaaataaagagttatagataagaccctattttcgaaaacaaagtgttaaatccccccacccccacccccgggccccgtgttaccttttgaaaggttgagcgaaagtgagAATGCAAGGTTTTCCTGAACGACGTTGCTTAGAGGTAACGCGGGGCTGTGATGTCTGTTAATGggcatccttgcaaaagatgtcgtttgttgctagtgacgtttaaggtttgaacctgctgttcgtatctactgcattttatgtagtaacacatttaaaacaattaaattgtgcttaactgcaatgttcctaaaagccttatttttttgtatt,0,
"C17ORF85_Baltz2012.train.neg_1646;chr5,137486625,137486650,-",cagacttagtcactgtgacagtgttagcatgtggcattgttgatatgtggatgatgattttcagtggtgttcctgtgcatctaataataaactttgattgcaggtagcttatttaatggagcccttgtgcatcagcagcaacgaatcaagTGAAGGCTGCTGCCCTCCATCTGGTaccagacaagaaggaagggaaattaaagctagcgaaggagaaagggagctctgcagagagactgaagagctttcagctaaaggagaccccttagtagctgaaaagccactgggagaaaatggaaagccagaggtggcttcagctccctca,0,
"C17ORF85_Baltz2012.train.neg_1690;chr6,88369919,88369948,+",aaataattttgcaatgtgatttgccaattttaggccaaatgtcaggttccagagttcttacaaattccaaattgtaggctctgaaatcacatcagccgtttccctgtcatgatccttcacctaatatgtctgactttttacctttctgagCAGTTGTTGAAATAATGCTCAGTATAATTaaatgtgttttgttgtaaaatcacaaaatcttccatactaggatttagtgtctttaccaagattgtcccaggagggaagagattagaattgtagcatgttaaagctaaaagagacctgaagagtcagccctgtggcagctaaaggccaga,0,
"C17ORF85_Baltz2012.train.neg_1203;chr20,44717014,44717042,-",gctggggaagcttttgtgagttttgacaactcttaatttaatgttttctctatgagtcagtctgggtgtgaaaactaactttgtgtctactttttgcaaccagtaaagcccatgctttgcattgtggatattagaaatcacttggctattTGTTAACATCCATTTCTTCCTTTATTGTgatttctttgcctttctttgagctcatctgtcactcttcagattgcctttgaaacctctgacacttctcttaacctaaaacttagaaacactgattttccttgtagaatgtcccagcgaatccatattgcaaggctcattggaaggagtt,0,
"C17ORF85_Baltz2012.train.neg_701;chr16,67796687,67796712,-",cccttcagccctgaccatgtctgggatgacacttgccaccctgcctggtgtgtgtctttcacatttacccagagtgtcctcactggattgtgagctccttgggactcccccatagtgagcacagcacctggcatcatgcacttgggctttGGGATGAGTTGTTTCTGCATTTTGCtgtgctttgcctaagtgtgttgggcttcagtaaattgcatcaggctccatcagcctgcggcctgcctagagcttgaagctgtcatttggagctcagcctcaccccactgccctaatcattatggcactgattgtgtgtaggggctctgct,0,
"C17ORF85_Baltz2012.train.neg_1151;chr20,62371762,62371790,+",ccacaccggccgcagccggttttcgaggcgggcgccgagcggatccgcggcggaggttgagggacccccctcccccggccaccgcctccgctgagtctgccccctccccatccgcagggctcttccgtgggcggcggcttcgcgggcttgGAGTTCGCGCGGCCGCAGGAGTCGGAGCcgcgggcctcggacctgggggccccccggacgtggacgggggcggcggcggggccccggactccgtcggcgcacatccccgtcccagcgcagaggtgagcgggaggcccggtgcctcgggactcggtgtgcgcaggggcggtgggtgggg,0,
"C17ORF85_Baltz2012.train.neg_287;chr12,6698925,6698956,-",aggtgtgagccactgtgcctggtcaatatagatacttttgataagcactgttcagttattttgtagaatgtctcttaagtttgggtttgtgtgatgttttctcttgattagattagacattctgggcaagaatgccacagaggtgatgatGTGTCCTTTTCTTTTTTTTTTTTTTGAGACAaagtcttgctctgtcaccaggctggagtgcagtggcctgattttggctgactgcaacctctgcctcccgggttcaagccattctgctgcctcagcctcccgagtagctgggattacaggcacccgccaccacgcccggctaatttttgta,0,
"C17ORF85_Baltz2012.train.neg_1074;chr2,23972766,23972793,-",attagcattttgtattttgatggaaattgttacagaatttaaagatttgatgaaataagatgtagcagattttttgtagcaagtttctggtaaaagggttttttgcaagtctcaggttcttgctgcactatttttttttaaatatttattCCAGTTATTCTAATTCAGAAGCATTCTtttcaagtaacagcagcacttgtgaaaggaaaaaaaaatgcacatgtttcttagtaggttactaaatttgtacaattaattaagattttagccatcagtgagtttgaaaagggaaatgtatttattttcagcattaaaatgcttccaaaa,0,
"C17ORF85_Baltz2012.train.neg_1835;chr8,22103712,22103734,+",tatatgactgtggatgtcaagagtagcccagaaaggggtggggtcaggatgacagaagaacaaagcaggttttggttttggttttggttttttttgagaggaagtctcgccgttgtcccccaggctggagtgcaatggcacgatctcagcTCACTGCAACCTCTGCCTCCCAggtttgagcgattctcctgcctcatcctcctgagtagctgggattacaggcgcccgccaccatgcccagctgatttttgtatttttagtagacacagggttttgccatgttggccaggctgttcttgaacccctgacctcgtgatccgcc,0,
"C17ORF85_Baltz2012.train.neg_720;chr17,7477355,7477376,+",tccagcgcgctggtgctgcggtgggaggtgcacgcgcttgggctttaagcggctgggtcgggcccacgtggacccggcggcaagcaccacctctgggcaccgtgagcgcggcggcacgcctgccggcctgtcttcagaaagggtcaccccCTTATGTCGGGGGTGGCCTGGcctgagccgctgcctgcatggggcaaatgcctcagttttatagaaactcctcctttgggtattttttgggagctggtgggagttggatctgggacagcagattgatggcatcatgcaggccactcctgacagagcccggctgtcaggatt,0,
"C17ORF85_Baltz2012.train.neg_566;chr15,93471344,93471370,+",gtggattcttattctgaattaggtttatagactagatcctgaagagagattcttttgtctcaatgaaatgtctactttctgctttcttgggaggactttgctagtcttagctatataacgtacttctgatgaaagttaaatattgatagcCACAGGTCAGTGAGTTGGGTGTGGGTttttaaataaatgtaccttaaaaatctaattcaccctaacatctgcattacatttgtgatgttttattttgagtgacctctgagctgttttgcctttgcttttgttttccatagtgtctcgcactaggttactgagccatgtttgttaaa,0,
"C17ORF85_Baltz2012.train.neg_124;chr10,27403890,27403910,-",acagtcacctgccaccatgcctggctaaatgttagtctttatactttcagaagaatgtggaaatttctttgccctcaaatgcagtttttatttttattttttttggagacggagtctcgctctgtcacctaggctggagtgcagtggcgcAATGTCAGCTTACTGCAACCaccgcctcctgggttcaagcgattctcctgcctcagcctcctgagtagctgtgattacaggcacgtgccgctatgcccagctattttttgtgtttttagaagaaatggcgtttctccgtgtttccaggctggtctcgaactcctaacctc,0,
"C17ORF85_Baltz2012.train.neg_433;chr14,21462615,21462639,+",ggtagggtctccatatgttacccaggctggtctcaaactcctggcctcaagccatcctcccacttcagcctctagggtagctgggattacaggcacgcaccgccatacctggctcatccctgccctttttgatatacactttacctattcTTGGGGCCATGTTTCTTATCTGGAtatctcttcagtttatacctaacttcctacacactcacagttgcctcttcttttctccacaggtggttcagaatctggggagccttatattccaggtgtctttttcagacagtttctacctgtatcacccaaggcaagtggcagtgttta,0,
"C17ORF85_Baltz2012.train.neg_288;chr12,6715784,6715818,-",ccttgtgtccccgagcgcctcgccgcctgcggcctcccctggcccccccgcgccgctgccactcggaccccctcccccgtcacaccccgctcggtccagccccgcgtctcccctccccgcgcttgcaccagcctgccctcggaggcgtcgCTCCCTCGCTCCGTGGGGGCGCCTGCCGGGGAGCcggcttccgggctgcccccgaggagtgtggaactaagttcagcctgagcggttcgggtgccctgctagggtggctggggtggggggcggaaagagcgggtgggtgtgggggagggggacagtgcgcgtcactgactgttctgtgtttctc,0,
"C17ORF85_Baltz2012.train.neg_2020;chrX,24022825,24022863,-",aattcagttttgtggatttttgtcttttattctcaatgtattgatgtggcagaaataattgaaactaaattatatatatgtatgtatgtatttttttttttttttttgagacagagtctcgctctgtcgcccaggctagagtacagtggcGTGATCTTGGCTCGCTGCAAACTCTGCCTCCCAGGTTCaagcgattctcttgcctcagcctcccgagtagctgggattacaggcgtcagccactgtgcctggctaatttttgtgttttagtagagacagggtttcatcatcttggccaggctggtctcgaactcctgacctcatgatccacccgcctt,0,
"C17ORF85_Baltz2012.train.neg_627;chr16,2574501,2574534,+",tttaagtctgttacctcctgagccaaggtgaggcacctccagggggcagccaggcccctgcctctggccccgcacaccctctacactttgacctttccggctgtttacctgcctggagtgtgcctcactcccctcccctcagttgatcttTTACTGTGCTCTCTCTATGTAGCGCCCTCTTGCtcccttctaaaactccattctggaaaaactcagccattgtctttttttgtttgtttttttcctgttttaatctttagtgagcctgtgtatccatagggcttgtgaggaaaaacagcggccctttgccccaaccagcatccaccctaggga,0,
"C17ORF85_Baltz2012.train.neg_754;chr17,53035005,53035025,+",tgatacggcagtgtcacagatactggcggtgggagagacagtaaaaagctggaggtgaagctttggaactcttttatcactgtggtgggtctttctttctgggggtcagaatgtctcagttcttttgaaagtcccatgaaattcagggacTTCCCTCCAAGGAAAAGCACagaatcttgcaggaaattactgggtttttttcacatcattggttgtccatgaatcccaggttgacaatttttgctctaccaggacaaacagtatgtttatgaagatacacacgattcactaatttcaatattatgtgccagggactatga,0,
"C17ORF85_Baltz2012.train.neg_69;chr1,150934659,150934685,-",ccgtgtctacaaaaaatacaaaaactagccaggcatggtggtgcacacccgtagtcccagctactagggaggctgaggtgggagaatctcttgagcctgggagggggaggttgcaatgagctgagattacgccactgcactccagcctggGTGACAAAGCAAGACTCTGTCTCAAAacaaaacaaaacaaaaggcacttacactgacatcttgtttcggtcgtcagtgtcctggaaaagaacaagtgaagggttaaatgctttcacagcctcgggtaacaagtccaataatcagacttcaaatgacctccacagataacatcagcc,0,
"C17ORF85_Baltz2012.train.neg_1625;chr5,37368684,37368711,-",tcactacggcctccacctcccaggttcaagcgatgctcctgcctcagcctcctgagtagctgggatcataggtgttcgccactggctcatttttctatttttagtagagacagggtttcaccgtgttggccaggttggtcttgatctcctGACCTCATGTGATCCGCCCGCCTCGGCctcccaaagtgttgggattacaggtgtcacccactgtgcccagcctggatttgctttaatatgaattcagcccaatagtctcagcactttgggaggccaaagtgggcagattacttgagcccagaagtttgagaccagtcttggcaatat,0,
"C17ORF85_Baltz2012.train.neg_859;chr18,48604794,48604839,+",aattggtgttgatgaccttcgtcgcttatgcatactcaggatgagttttgtgaaaggctggggaccggattacccaagacagagcatcaaagaaacaccttgctggattgaaattcacttacaccgggccctccagctcctagacgaagtACTTCATACCATGCCGATTGCAGACCCACAACCTTTAGACTGAGGtcttttaccgttggggcccttaaccttatcaggatggtggactacaaaatacaatcctgtttataatctgaagatatatttcacttttgttctgctttatcttttcataaagggttgaaaatgtgtttgctgccttgctcctagcagaca,0,
"C17ORF85_Baltz2012.train.neg_367;chr13,52602936,52602958,+",atatttttctaaattcaatctcatttgtcaaatcattttactttagaaaacagacaaaatttccttttagaataaaaggaagtgttgaaaagaaaatggatgactagccttcggcttccattcttggtatacatgagagaggctggctgcTGAGATGAATGTGAACCAGGTTgcagagaatctggctttgagccaccaggaagaactagtggatttgccaaaaaactaccccttgagtgaaaatgaagatgagggggacagtgatggagagagaaagcatcaaaagcttctggaagcaatcatttcccttgatggaaagaat,0,
"C17ORF85_Baltz2012.train.neg_505;chr14,69261355,69261396,-",agccggtttctcaaacaattgtgatttggaaggtttcgctgggtttgcccagatgtttacgaataaataagaaatgcagttttaaaaaaaagtgtgtgttgggggtggtgagaatgcgctctcttcggcccgccccgtcctttccaaagaAACGTGCTCATAATGGGGTGACCTAATTACATCGCAATGGAactcaatcttagccactccgcagcaccgggtttcataacagactcggcggcctcgagtgctgggaagaaacgtgcgagggccgaggggggcggcggagcccgcgtggaaatcggaaagaagcgcagccctgcgacttccgcctgggtcat,0,
"C17ORF85_Baltz2012.train.neg_328;chr12,57135367,57135397,-",gtagccagcagatatcaggtatatgccactgaaatctgtattacagatataataatgcaattcttaattaaattgattgctttgcctagtcagttaaagatggttgaagatcgtttttttaactttctttaaagaaatcttcaacagttcCTACTGATCCTCATGTTGGCCTTGTATCTGcttttagaataacatcaaaaatgacaaatatggaccctggctggagtgggagattatgctccagtactgttttccacggctggatatcaatgtcagcaaaggaatcaatcatctactgaagagcccttttagtgttcatcctaaaacagg,0,
"C17ORF85_Baltz2012.train.neg_752;chr17,48801777,48801797,+",atctcaacattgggaggccaaggcaggcagatcacttgaggccaggagttcgagaccagcctggccaacatggtgaaaccctgtctctaataaaaaataaaaaaattagctgggcgtagtggtgcattcctgtaatcccagctactctggAGGTTGAGGCAGGAGGATCCtttcaacccaggaggcagaggttgcagtgagccgagatggtgccaccacagtccagcctgggcaacagagtgacactctgtctcaaaaaaaaaatagaataaaataaccacaataccataatcactgaaaattatagtaaggtatttcgt,0,
"C17ORF85_Baltz2012.train.neg_51;chr1,19638156,19638180,-",gactgcagaggtaacagtagctgcagatcctccccatgcatcgtgtagagctgagcctgtccccagccgtgcaccaccccgctcgggcccggccgcgggcagcaccgacggattcgtccctcgctccccaccccaggtccaccccgcagcTCTGGGAACCCCGGGACAACTAGAcagtgctttgccctgactcctttcccccactctccttcccttgggagttgcagcgcgagagtctccccccagcctggtctgacccatcgcttcccacctccattgatgcccccgcctccaaacctgccaggtgcccacaaccggtcccca,0,
"C17ORF85_Baltz2012.train.neg_1762;chr7,27859020,27859054,+",ttagtgaccattaaaaaaaaaagaaaaaactacacataaattgaaagaaaattaatgtgtttatttcattcctaaataagtagttactaatgggatgtgtgtgactattggccactgtacaactcctcaagccttagaatcagattggacAAGCCACCTTCATTTCCTGTTTCTCATTGATTTTcacaatgtggcacttgctttatatcacagcaactgccaaaaccagcatctcgaagataagatggcattgaaaggaatgtgtagcacatttaaagttgaatctgtgagcgatctccagtgactgtagttgttcacgtggtatatgacaaat,0,
"C17ORF85_Baltz2012.train.neg_811;chr17,80038249,80038270,-",ctgcatcaggcaggtgcagcccgagggcccctaccgcgtggccggctactcctacggggcctgcgtggcctttgaaatgtgctcccagctgcaggcccagcagagcccagcccccacccacaacagcctcttcctgttcgacggctcgccCACCTACGTACTGGCCTACACccaggtgagagccaggctggtcctagaggcctacggcaaacgtctgggctccccacctgtgccctggctttgggggaccgtcgcttaggaggccccgccccttccatctgctcagcagtccctccttcctctcagagctaccgggcaaag,0,
"C17ORF85_Baltz2012.train.neg_293;chr12,12640110,12640139,-",acttgtctctagatgtcattttgctaggtttttggacttcactgatctgaatgaattatatttcaaggaaactgggcatttttatcatcacattaaacttcactctttcagaatgatcatgtttactatattattagtcactttaactgcTACTCTTTCTCTCCATAGGAGCTGATGCAgcagaatgggattggttatgtgttaaatgccagcaatacctgtccaaagcctgactttatccccgagtctcatttcctgcgtgtgcctgtgaatgacagcttttgtgagaaaattttgccgtggttggacaaatcagtagatttcattgg,0,
"C17ORF85_Baltz2012.train.neg_1758;chr7,5247298,5247320,+",gtattcttttcatgacagttatctgggctctttgtagttcagctattatgaacaaagctaccatgaacattctcgtacaagtcttttaatggacagatattttcacttagataaatattgtagtggaattgttggctagatatgtgtttaGTTTTGTAAGAAACCCCCATAAccttctcctaagtgactataccatttgtggttctgtcagtgctgtatgagagttctgattgctctatgtcctcactaactttttttttttttttttttttgagagagtctctgtcgcccaggctggagtgcagtggcacaatctcggctc,0,
"C17ORF85_Baltz2012.train.neg_1297;chr21,40617185,40617212,-",ttgtcatgttgcttagcttttctgtgcctctgcctatgtaatatgtacttcagaggcgtggtaacatgtacctcagaggtgtggtgagaattaatttaatcagtaatgcaatgtgtttaaatagtgcctaatacacaataatgttagctaCGATTATGATTAAAACCATCTGTTTAAactgtttttatttttttgagacagggtcttgctctgttgcgtaggctgtagtgcatggtgcagtcatggctcactgtagcctcaaactcctgggctcaagctgtcctcctccttcagcctcccaagtagctgggattaacaggcaccagc,0,
"C17ORF85_Baltz2012.train.neg_1010;chr19,33347174,33347202,-",cgaggcgggcagatcacgaggtcaggagatcgagaccatcttgcctaacatggtgaaaccctatctctactaaaattaccaaaaattagctgtgcgtggtggcgggcgcctgtagtcctagctacttgggaggctgaggaaggagaatggCGTGAACCCAGGAGGCAGAGCTTACAGTgagccaagatcacgccactgcactccagcctgggcaacagagcaagactccgtctcagaaaaaaaaaaaaaaaccactagctattttgaaatatacactattactaacaatagtcaccttgctgtgcagtagatcaccagagcttattcc,0,
"C17ORF85_Baltz2012.train.neg_814;chr18,2573904,2573926,+",tatatatttttccttttgaatactgtaaaccaagaaaatgtttgtgctgttatacattacttataccaaaaaaagttatgcctttaattgtattagaagctaaaaggtcaccattgtcaatgtttttttgcctgcagtttagataatgtaATAAGTGCAGCTACATTCTAATacagagcaggctctaaaaaaaaaaaatgtaaatgtggttaagataatggaaatcataatgtagatagggtttttgttctgcagagaagcaaaagacttaaatctgcataacaagccttacctttgaccattttgtcttaactggacttcc,0,
"C17ORF85_Baltz2012.train.neg_1579;chr4,108593321,108593352,-",ccaggtgccgtgtgtcacccctttctttgactagaaaagggaattccctgaccccttgcgcttcctgggtgaggcgatgcctcgccctgcttcatctcatgcttggtgcgctgcacccactgtcctgcacccactttctgacactccccaGTGAGATGCGCCCGGTGCCTCAGTTGGAAATgcagaaatcacccgtcttctgcgtcgctcacactgggagctgtagactggagctgttcctattcggccatcttggcaccacccacctccatctcatttttattggaactatagttctagtatttttccttttcgttttgattgtagtttt,0,
"C17ORF85_Baltz2012.train.neg_1669;chr6,34929437,34929458,+",tatcttttttccttttcttttctaattgttttgagggagttttagtgctgacataggatgtccaaacttaatcacctttaaaccagtcatggaggcaaaagttagaaaacgatgaaaggcttgcttcatcctgcctttttgttaagatcaAAGGCAGTTTAAATCTTAGTTtcagggctccttggggacatgaactgagagggctgagatagttgagttctaatagaactaaattggtagctgataggcccgcactctcagccgctttaaccagccttggtgtttcctctttctcagttcttcttaattattctagtcatc,0,
"C17ORF85_Baltz2012.train.neg_1452;chr3,52325207,52325242,+",gctgcactggccatccagcaactggctgagggactcacagctgatgacctgctgctcgtgctgatctcaggtgtggtaccacattggcccaagactgttggtggggggtgcaccacctgatctctcaggtcttcgagagatcaggtctgaGCCCCCGGGGTCACAGGGTAAAGTTAGGAGCAAGGgaggtggtgaggagcctggatggtgactcctgggttgccttgggctagtcgtctggcctcccctgagctgtggagtcctccccctgagctgaccttttcggtgacagtgagagggtgcatggggagcacataatgcagggcctgacacat,0,
"C17ORF85_Baltz2012.train.neg_865;chr18,57569153,57569173,+",cagtatagatacgatattatagtcagtatagtgttaactgcacttactgaaaaaaagtgtacttggaaattataagcatcatttttcttaatattcagttagaataactcaattccaaaaagtagtaaacatgtgaattaaacattgcttATTTTCTGCTCCTCTCATTTccataaaggcaatggattggtacataatggggttataggaagaagtgggtttacattaaaatagaaatgtttaaattattttagagaatgtggacttaattttagaataagattttatgagtcttttatgaaaaaatatcagcgtttttt,0,
"C17ORF85_Baltz2012.train.neg_1007;chr19,15370533,15370558,-",catagcacccctgactgtgttcttttcactcttaggtctcagcacacttccagttcatggcaaccccttgctgcccatgtgttcattcacctttctgtttccagctagactgagctccttgaacagggagctcgtcattcctgtctaccaTCAAGCTGGTACTTGGAGACTTGTGactgttgaagccacacagcaaggttttcctacagcagccctgggcccactggcttgtgggtttcccaggatgccccccactcaggctacaacaagagttctcacatccaagagacagggaaggatgacagggtcacacaactggacacgc,0,
"C17ORF85_Baltz2012.train.neg_1727;chr6,44088398,44088420,-",gataagagctctgccgtttctggatttacctccgtcagagccatgggggacctgtctttctcctggctacctcatttattttattcaacaagtatttattgcactcctactgttatcaggactggctggggtcttttgctagggtggaagAGGAGGGTATAACAGTTTGTTTttttggagggataagggacatatatacaataagtgaatatttgattcttttgtgctttcaagttcataggaatgctaactgctggccatttgatgtctgagtcctttgggtttaggtctagacgtcaatatcagatccactaaaaagcta,0,
"C17ORF85_Baltz2012.train.neg_1362;chr22,41498928,41498957,+",gaagttaggtagtaagatggacaaatcaaggataattccccagtttaaagtttgagcaacttgttgggtgatgatttatttattatttatttatttattttgagacaatctctgacccaggttggagtgcagtggtgtgatctcagctcaCTGCAACCTCCGCCTTCCGGGTTCAAGCGattctcatgcctcagcctcccaagtagctgggactaaaggtatccaccaccacgcctggctaatttttgtatttttagtagagatggggtttcaccatgttgatcaggctggtctcgaactctggcctcaagtgatctgctcgccttggc,0,
"C17ORF85_Baltz2012.train.neg_843;chr18,32407823,32407847,+",tctttggtaatgagccttgattctgtggtaagaaaaatattctcatgcaagccaagggcagaatattgttactagaaactaacttgcaaatatccattataagttttcaatttcattcatttgtatgcatttaaagaggggtagggtggcTTTGGGGATTAATGTCATGTCTGGaaacctgcatttataatttacccacagtaagaatgtgagggtatgtttcagttttactactgacacacatgcatcccatctcattaaggaagtcacgttcatagtcctcagagttgaagtcaaagaactggaatttcaggatgcaatggt,0,
"C17ORF85_Baltz2012.train.neg_704;chr16,84129081,84129121,-",agccatcccgcgccaggttgcccagacactgcaggcagatgtgctctggcagatgggatatacaggtgtgtgctattacccagggaaggtgcttatgggatatacaggtgtgtgctattacccagggaaggcgcggaaagtccagacatgCAGGAATTCCATGTTCGGGACTGCCTAGTGCTAAAGCCCTgcagccttccacatctaaccttcttactatttgtttagctggaggtagccaagtactcctcatctttgactcctgtgatgccaggcatctgtttctgtggctttcctaattgtcaccatttgtgtcttatttttgttaccatttctgagg,0,
"C17ORF85_Baltz2012.train.neg_2040;chrX,71493721,71493747,-",acccatggttcctgtatagggttaaaaagtacatgtgagatggattgaatgtggctaacccttgtatttttctagtacaagttgtgcaaagtgagaaagatctttgtgggcacaaaaggaatccctcatctggtgactcatgatgcccgcACCATCCGCTACCCCGATCCCCTCATcaaggtgaatgataccattcagattgatttggagactggcaagattactgatttcatcaagttcgacactggtaagcatcctctgtgctacctgggcaccctctttaaggcctagatcattatgaattgcacagggtctgggtatcttta,0,
"C17ORF85_Baltz2012.train.neg_474;chr14,104002305,104002337,+",ctcctcgcccgccctggtgtctgacagcctcaaggaaggagcagtgcctgtgtcagccatggggcccttggagctgccgctggtgcctagggggcctgggtttctgcccaggcagccagtggctgttgggagcctctgtttcccctgtgcTGGGGGCCTTGAGTGCTATGCTAGCAGGGGCCtggccccaagtgtgagtgatgagcaataaacgtaccgtccccctctgttctgagtgatccctagcagccaaggccacccccagctgctgtctaggccagccctacctgcgctctgcccctggtccctgctcctccctgtcctggtttggc,0,
"C17ORF85_Baltz2012.train.neg_419;chr13,96245810,96245836,-",aacatagaaacaaatctctgaaataaatgacattagtatcttgacagtttacagaaaaggtaagtaacttgattaatgtctcacagctagtaatgaaggagccagggtttgtatctaggcagtcacagtgctgcttacattctgatattaACCTCAAATCATTGCCTATTACAAAAccagcacttcattaatacatgttgaatgaatggatgaatggattggatttcatattgttgccagattgaataattttggtatatcatatatagattctttttgctttttatagttttattgacatacataaaagacacaaatcttaattg,0,
"C17ORF85_Baltz2012.train.neg_559;chr15,90090093,90090122,+",tactgctctttctgcttggaacaccctcccacaatgaaacttacaaaaatcccaagtcctgtctatacttcaaagctctgctcaaacctcacctgtccttgaggcattgctgcacgttccttgtcccttcattaaagtgctcacctctgtCTGCTTTGTGTTATGATCAGTTGTGTCTGtgtctgttgcccctactagacaataaactgtcagagtcatggttctccaccaaagtatcttccccacggatgagtttgagataattttttttttttttttgagacggagtctcgctctgtcgcccaggctggagtgcagtggcacaatct,0,
"C17ORF85_Baltz2012.train.neg_706;chr16,87752063,87752084,-",ctgcaatctcagcactttgggaggccaaggcaggtggctgggaggtgggggttgtagcgagccgagatcacgccactgcactccagcaaaaaccagtcaggcgtggcggcgcgtgcctgcaatcccaggcactcagcaggctgaggcaggAGAATCAGGCAGGGAGGTTGCagtgagccgagatggcggcagtacagtccagcctccgctcggcatcagagggagaccgtggagagagagggagagggagagggagactgtggagggagagggagggggagggggaggagagggggagggagagggagggggagggagagg,0,
"C17ORF85_Baltz2012.train.neg_89;chr10,70516354,70516378,+",cttcagggtgaacgcaaggaggctgatggagaacaggcactgaacgctaatccctttttctatttccgcttctcacaggcacaggaacacaggcacaaatgcacaccacacactacataataaacacacatggaggaacataactggtaaCAGCGACTGGTAATCCAGCTTTCAgcagtatagttgtatgttcttttctcttaaaatttctgtcttattatcctaactttaagagtgctgagacctcaaaggaaaataagttgtgcttaaattgcacagaattttgtttttatcataggtctagttgctggaatctgggaccag,0,
"C17ORF85_Baltz2012.train.neg_1872;chr8,38300055,38300077,-",tgctgagtttgggggaggggaggttgttcgagaggccccagctgggagaggtggggggagggcgatacattcttttccttaaggaacctgaccgaactttaaggtcagagctcagtggagagtgggagctgcagggttacctctttgccgTTGATTCATCTCTCCACCCTCCcccactcttaatgatctttccattacagaacccagaccaggaagtgcatgacaggtcgcagctgcagacacatggctgggaggcctgggctccgggccagtggtgggagagtctgagctcccctccagcagtgggacccctgcacacaca,0,
"C17ORF85_Baltz2012.train.neg_2034;chrX,53692580,53692610,-",aatgtgtagacaaggagtctgttcctctcctgcttaatttgcttaacttacacttaggcattgctgtttttattttttgttgagaataccaagaagggctccttagcatgctgtcatttcctctgtattggtaaaattgataatctgcaaCTTTGGTGAGCCATGTTTGGTTGCCTAGTTcttctgatgccagtttctctaagtaattgggagtatccgggaaggataactcccagatctgcagcttccccagactgtttgaatagaggatgtggcaggagatgtgttctcagatactattctcacgttcaaagtcaacattggaggttt,0,
"C17ORF85_Baltz2012.train.neg_1439;chr3,41288061,41288094,+",tgctcccgaaatgaacaaaagccaggcaggtaaaaggggagaagacaagaggctcagagattagcttccaaaggcttgctctggagctgcggttgggagagcattcctgcctcgtcccgcccttccgctcttccctgaggagaggagagaTGCTCACAGATGCTGGCAGGCTGAGGACTGTGCtttgcatccactgctttattaccacaggcagtgctaaccttagcccacctggcccacacagagagggaaagaacatttctgagaacagctaacaaacctgggcttcccagatgcattccacaggaaccaaggaagtccattctgagtcag,0,
"C17ORF85_Baltz2012.train.neg_745;chr17,41151383,41151409,+",cgtgatcactgcagcctcgacctcccgggctcaagcgagtctcccatctcagcctctcgagtggctgggactacaggtgcgtgccaccatccccagctatagggggttccttcctgttgctaaggtttggaggtgttctgttatttacctGAAGTGCTGCAGCTGGGAATCTGTAAgaagaggaggaaattgcttttagaaaggtcacatagcccctcactgttttcctcttatccatgattttgtagcttcttgagagagttccctaggctctggccacatacaccactgcgttttgttgttgtggggacactggagtacccctg,0,
"C17ORF85_Baltz2012.train.neg_185;chr11,118871962,118872013,+",ggtatgacattactgaaaaatatgcaggaaccatgagtgatcacttttactgtaatatgcaatttactggtgagacaactgcttacaagatgatcagcattactgtgttttaagcagatacaacacttgagttcactgcaataggtggctACAAAATTGTGACAGTTGTAGTTTGGATTATAATTTTATACAGTTATGTAAtattgcatctttacatttattttcatttctcttgaccgcgaatgtcaccatgtacagtctgtgtttctgtgtgtaagttttgataaattttaactttttttttttggagagggagttttgctttgtcacccagggtggagtacagtggtg,0,
"C17ORF85_Baltz2012.train.neg_1038;chr19,51304708,51304728,-",tgcctgtaatcccagctattcaggaagctaaggcaggagaatcacttgaacccgggaagcagaggttgcagtgagccaagattgtaccattgcacttcagcctggacaacaagagtgaaactcccatctcaaaaaaaaaaacacccatctCACAACTATGGAAAACTTGGcaggcaggcctgggtccaaaccccagctctgctgtttacaggcttggagacattcaccaggccatcactcttttgcgcctcactgctgtgtctgtggaacaggcaccgagcaaatggcccggggcactagcgcttcccgccttctgaagg,0,
"C17ORF85_Baltz2012.train.neg_3;chr1,27025645,27025670,+",ggtgtctttcatgatcttgagggactttctcctaaaggcttggtttggtgaaattgtttttttcctggaataacaaaaagtctagttttctgttttgtcatcagtcattttagagctttgaaatagagactggccagtttattcctttgcATTTTAATGTATGTTCCACTTTTTTtcttgtcttccaagatatgaagatacgacctagaatgacacttaagatttgcttagaaattgcaacttctgagtaccttgttacactattctatcttgttttattttgttgcttttcttccatcttcatcatgctctgtcagcagtgctt,0,
"C17ORF85_Baltz2012.train.neg_968;chr19,39989731,39989782,+",ctgcgactcccgagacccccccaccagaaggccatggtctccccacggatgtccgggctcctctcccagactgtgatcctagcgctcattttcctcccccaggtcagagccaggtgggaggtggcgtggaaagggatgaatgcggaggggAGGGGTGAGTGCGACCTGAAGGTCCTGGGGAAGGAGCGTGGGGCGGACGGGaagcctgggtcctcccggccgcctcaccctgcgcccgtctccgtcccagacacggcccgctggcgtcttcgagctgcagatccactctttcgggccgggtccaggccctggggccccgcggtccccctgcagcgcccggctcccctgccg,0,
"C17ORF85_Baltz2012.train.neg_996;chr19,3982087,3982116,-",atgaagaagctgtggggtgacaggtgagccccgcgggatatggtgggggattcctgacacctgggggtagtggcagcgacgtaggggcgtggtgtgctattcacagcgtggctcaagcccaccaggtcttgcccaagcatgtccccttggCGACCACCCTCCCCAAGTCATCCCCTGGAgaccctaacttgatttggcttggcctctccttgccaggtactttgacccagccaacggcaagttcagcaagtcagccaccagccccgaagggaagaagctgccacgcaccttctgccagctgatcctggaccccatcttcaaggtgagtg,0,
"C17ORF85_Baltz2012.train.neg_1408;chr22,41681254,41681282,-",ctgatcctttgctgaccttggacaaatcaatttacgtttctgtgctccagtttcttggtttataaagtgagtgtggaggggtgcatctctgtctcgctctctcttggactgaggaatgggcccccgttcagctgagaagttctgtccctaTTCTATCTGGAGGCTTCACCACCACCTTttaccctcaaattgtcccatctcagaactgcaagagatgctggggtttcaggttaatttttttgttggtttttctttaaatttttttatctttttagagacggtctccttctgtcacccaggctggagtgtagtggaacgatcaccgctg,0,
"C17ORF85_Baltz2012.train.neg_1731;chr6,52130723,52130753,-",aatcccagaaagtggagttgagtgaatccaggtgagtacggatgttgctcctgccccttcaagaattctgtgtatcgctgaggaagggactttgttcccttggagagggtgggaaacaaactgctggtcatcaatagaactcaaaactagAGGCCTGCAGCTTTTAACATTTTATATTCTcatttaatttcaaacttactgaaaagttatgagaaaagcatgaagaacttctggatgtcctttacccagaatcttcagttgtttaaattaataattctctctttctgagagagaagagttttacaataaggataaaacttaatgtcttac,0,
"C17ORF85_Baltz2012.train.neg_2010;chrX,20145426,20145457,-",gaagtgtgatttttattttcagaagtcatatacatgtaagctacaattttgagtgctttataaacacttaagatatatatataaattttaatttcatagcaacttgtaaaaaataaaatacttgttgaaaagcctttttcaacatatcccTAAGCTAAGGGAAGAGGAAGGAATAACAACTcagtgaaaagatggtctccagtttctgaatgaaaaagctacagctgagaaataaaataaaatgtcatgctgcagaatatgttatacccttattttgtgttaaggatatattttattatgtgaatggttttgtttttgttttttgtttttg,0,
"C17ORF85_Baltz2012.train.neg_1299;chr21,44273515,44273558,-",ctctacaggcctgtgggcgaccagtggcaggtgagactcggcaccttccagatgtcctatgccctgcctttccataagcctgggggtgtggggcggcagctatgttttttgggtccatgggtaagcctctttcaactcagccacttctggGGCCCAGGGTCTGTGTCCTGAATGGCAGTGGCTGGGGCTTCCAccgtgggtgaagggagccgggtgccaggccggcgtggctggcttgtcccatgtggtgatgtctgcaacagttctttttttgggtgagtgtgtggccccccacaccacacttagcgatgaagttggcactcagtgtggcaagggtgtgtgg,0,
"C17ORF85_Baltz2012.train.neg_1866;chr8,28667576,28667606,-",caccccttcctgccattaagccactttcccttggcatacagatcatcttttcccttcttgtaccatgtcactctgtggggttggtgccaaccatgcttcttacacaaagtccagtgggtttgaagaacattcaccatgttagagcactatCAGTAAAGAAAGAAAGAAATTATTCATTTTttaattacaaataaaaattgtatatatttatggtatgcatgatgtcttgatatgtgcatgcattatggaatggctaagtcaataattaacagaccccattttaatacagggagaaccatgctgtgctctagtgttgaacaataggatgtc,0,
"C17ORF85_Baltz2012.train.neg_2044;chrX,118980761,118980799,-",aagaaatgtctattcaagtcttttgaccattttttaaattgggttatttggttttttgttgttgagttataggagttctttatatattctcgatattaccccttatcagataatataatttgcaaatatttctcccattccatgggttgcCTTTTCACTCTGTTGATTGTGTCTTTTGATGCATAGAAgtttctaattttgacgtagtccaatttatctattttttactttttttaaataagagatatactttatatttttgttttattgtggtaagaacacttaacatgagatctaccctctgtatttttacttttgttgcctgtgcttttggtgtc,0,
"C17ORF85_Baltz2012.train.neg_1907;chr9,33361017,33361053,+",actaagcttgtaagtgactcttggtgcagtgtaaatgaaaattgtactaagtgctaagctgaaatctagctttaaaaaaataaaataacttgaatgttggtgagatgccatgagattcagacactgatggctagggcactaagtggcattTCTGGAGACCACTTACTCCACATTGATCAAGAGTCTtatgtccactccatgtaccccacaactggaaacattttcaaagctttttgcacagagatattaattgtgtcgtatataatattgagaaactgaggaactgttaaagaaacctaaatgggaaatgattaaaatatgggaacataattagaa,0,
"C17ORF85_Baltz2012.train.neg_1250;chr21,45154372,45154398,+",cagcttggctgctttgaggctgtgtgacccagtgcaggtggcagaacctctcggtgcttcagtttccttctctgtaagacaggagggcaatcctaacacctgccgtgaggttgccagagttgattacgtcacttgcataaaatgcttggaCCAATGCCTGGCTCAGAGCGCAGCCGtgtgactcctgctgtccacctgcctcctggagctgaggagggtcccccatggggtggtcgtgctgggggatgtgtaggtggttctgggttttctctgttaacagcagtgctgcagggccccgtgtgtgcctctgtctccctgccctggga,0,
"C17ORF85_Baltz2012.train.neg_1189;chr20,34313313,34313334,-",acacctgttatcccaccactttgggaggccaaggcaggcggatcatctgaggtcaggagttcgagaccagcctagttaacatggtgaaatgccgtagctatgggggagtttagggcaaaaggattgcttgagatcagtagttcaagaccaACTTGTGCAGCATAGCAAGACctggtttctaaagatggaaatattgttgtggagttgggaaaggagtgagggtacagtatatactgctcaggtgacaggtacactaaaatctcagaattcaccattaaagaactcatctatgtaaccaaaacccacctgtacctgaaaacc,0,
"C17ORF85_Baltz2012.train.neg_357;chr13,35874430,35874454,+",gtaatatgcacttaagaagtactttttgaaattagccgggcatagtggtgcacgcctgtagtcccagccactcaggagggtgaggcaggggaatcgcttgaacccgggatgtggaggttgcagtgagccgagatcgagccactgcactccAGCCTGGGTGACAAAGCGAGACTCtgtctcaaaaaacaagaaaaacaagtattttttgaaattataaaaagaaatgtgcatcagtataaaagaatataatcattgcctacccaagtttgttacaaaaattcagaaccgtgtgtatctcatttacttcacacacactgtaaataa,0,
"C17ORF85_Baltz2012.train.neg_1340;chr22,29672773,29672799,+",ttttttggatataaatgccagcacctagaccaaagttttgttttgttttgtttttttaagatagggtctctgttgcctaggctggatcttactgcagccttgacctcccagcctcaagcagtccacccacctcagcctcccaagtagctgGGACTGAAGGCTCACGCCACCATGCCcagctaagtttgtttattttttgtagaggcgaggtctcactatattgcccagggtggtctctaactcctaaactcaagcagtcctcccacctcagcctcccaaagtgtaaaccaaactttttattgcatggcttaattgtacccattgac,0,
"C17ORF85_Baltz2012.train.neg_829;chr18,7842768,7842791,+",aaagcttttagaaaagagacagagttttcctaaggaagaaggaattttcaagattgtaacatagaaaccctgcctgagtttccagcctgcttaatttggacttgccagccccaccacttacatgagacagtttcttaaaatctcaatcaaTCTCTCTCTCTGGCTTTCTGTACatatgtttatgtgtgtgtgtgtgtatatatatatgtatatatatatatagagagagagagagagaaacatatatatatatatgtttctcgtgtgtatatatatatatgtttctcatatgtgtgtgtgtgtgtgtgtgtatatatatatat,0,
"C17ORF85_Baltz2012.train.neg_1298;chr21,40631923,40631951,-",cttatctttttagattaagcctctatgtactgccttttcaactcattttttgagactgataaaatttttaaagacaaagttaatatgagatataacatttagctcttttaagttcttctttggtttccatagcaaaacaaagacattatcAGTGATATGCAAGGGAGTCTTACTCAGGtagcaggatggaaatgtcctcccttgcccatcccataatactatatgaggttttacagtttctctatctgtctttatggtggcaagttatatctttgcattccttttgattatcaccttattaatctcctttatttttaattttatttat,0,
"C17ORF85_Baltz2012.train.neg_294;chr12,12658467,12658490,-",ttacttttgaggtccactgaaatcaaagtgatctaggatcactgtaccaattaacgatagaactggacctcgaacagcctggctgatggctcagtttatgattattgcagaattgcatctcctctgaaagttgttctgtggggggtgaccTGACAGCCAAGGTCTACTACCAActtgtaaatggtggtcatgaacaaaccagtgaccatatttacatttcaaccagttcatctgtaaactttgttattggtgtcatgtgaaattgcctttaaagagattctcctttctctgttcttgtcggatcttcttccttctccctcatt,0,
"C17ORF85_Baltz2012.train.neg_232;chr11,116623224,116623245,-",ctgtatgtaggctttttggtagaaggaggatttttcagaacactcatttgccatacatacagccagaagtagatctttttatagcacaaccctacagatgttccctgctaccgagtttttgttttttgttttttaatttttggacccaaaACTTAGAATTCTCCCTGACCTagtttttttttactagtatttaatttgtcttcatttttctcagttgcttttttccacttcttgttctgattttatcctagatttcttctcttatttccctttgtcacccttgctttctttttgttattcatctttcatcatcttttctag,0,
"C17ORF85_Baltz2012.train.neg_1205;chr20,46288189,46288214,-",tgcacctgttatcttgagaaactgcccttccctctggtctgcccgagaccaggatcacccaccaaagataggtgtcacctaggagaccttctttgtatagttctttggggactttttctttcttggtgatggttaacattcattctccttTGACACTTGAAAACTTAGGCAGTTTcagcgtcgaaagtggccagaaatgaagagaccttcttccaaatcactgtgagttgaggaaccagcttacaaatagaaatctggttctgaccgcttcattttgccaatgctattctatttgcatgccatttcttacataccaccctttgtt,0,
"C17ORF85_Baltz2012.train.neg_1583;chr4,128855357,128855384,-",tgtcctccttatttataaaaccaccgtcaaatcctgattatttctttgcagaaatataaatgataggggtttttaaaatggtaatgataacataaggatctttacgaatactaatttcttgttatttatttatttattttttgagacaggGTCTCTGTCACCCAGGCTGAAGTGCAGtggctcaatcttggctcactgcaacctcagtctcctggttaaagcaattctcgtgcctcagcctctcaagtggctgagattacaggcatgtggcaccacgcccggctaattcttttttgtatttttagtagagatggggttttgccatgt,0,
"C17ORF85_Baltz2012.train.neg_1330;chr22,20110818,20110841,+",tgtggtgtctgaaggtgtgtcggggcatgtgtggtgtctgaaggtgtgtggtgtctggggaggtgtacagtgtgtggtgtctggggggcgggtgtggtatccggggtgtgtgtaggggtcatctggtgtttggtgtctaggggggtttgtGGTGTCTAAGGGGTGTGGTTGGGtgtgtgtggtgtctgggggtgttggggtgtgtggtgtctgggggtgttggggtgtgtggtgtctgggggtgttggggtgtgtgttgtctgggggtgttggggtgtgtggtgttggggggggtgtgtggtgtctgggggggtttggtgtct,0,
"C17ORF85_Baltz2012.train.neg_1827;chr8,1872799,1872830,+",aaattttccttctgctgtagataatctgaaatgttaacggagtataaaatacagaagagaaatgcagagcgtgggtaacgccattgccccggggagctctgattagtggaagggctttgtcccggacgggaaagccgtcctgactttgtgCTCACTTGATGAGGAAGCAGAAACACAGCCCctctctctcttgctgaataatttggtcatttttcaggtcaggttcagagtgacttagcaaacaaggaagtggccactctctaaagagaatgagctgaacgtgcagataagccccctttcgtcttcagatcagctatatattctttaatgc,0,
"C17ORF85_Baltz2012.train.neg_1552;chr4,2942241,2942271,-",caccgtccttgtctctgccccactaggatgagagttccatgaggacagcaactcggctcgttccggccaggtccctggagcatagagcagataagctagctatcacagactccgtcgcctggtcaaaggctgatgaggatgagatgtgagCCCTGCCCCTTATCCTGTATCCACTTCCTGctggtgtggctgtggcttgtgccttttatttaaaagaatttgggttggcctggccgaggggcacagcaggtctcatggtctcggtagactgggccagtcaggcccttgagtttggtctccatggagacgaggcattccggcactcgaagg,0,
"C17ORF85_Baltz2012.train.neg_1728;chr6,44088986,44089014,-",aattagcatggcttagattgtatgaatttgttttttcttttccttccacccaccctctcttcccaccccccaccccagctctttttaaggagaagttgtgattcatattctaaaacaggagggtaatacttagtgctgaccaggaagtggCATGAAATGCCATCTCTGGCGCCAAAGTtttccaaatacctggcctcctctaagtgagagtgttgtagagaaggaactgtcattgaagtcagtctcctgtgcacaagatccagagtgacattgcttgtaaaacaaccattgtatatagactaggtctgaagtgattcagggtctgtgt,0,
"C17ORF85_Baltz2012.train.neg_1135;chr20,44441278,44441326,+",gagccattgattggtcgacgcccccagagggttacaattcaaacgcgggcgggcgggcccgcagTCCTGCAGTTGCAGTCGTGTTCTCCGAGTTCCTGTCTCTCTGCCAACGccgcccggatggcttcccaaaaccgcgacccagccgccactagcgtcgccgccgcccgtaaaggagctgagccgagcgggggcgccgcccggggtccggtgggcaaaaggtgagtgatgcggcctaccactcgccgggcctgccatgccc,0,
"C17ORF85_Baltz2012.train.neg_206;chr11,47503934,47503970,-",tcaggtagtactatttcttttagtcctgttagtctctttctctctctatatatatgtatctctggacatgcatctctggttatatcttgaggcttttgctgcaactaaagtgaattcctggtttcccgttttaaagatttagaaacatctTGTGTCCTTGCCTCCAAGAAAGAAATTCCTGAGGGAatcttaactaccagtgtctttctccatatctctttctaccagatgtagagggcatcattaaaatccttattgagtctttcctaaagagtatgataaatgtttctttcagcggacttgagagatcaagagattttttttctttttttgctt,0,
"C17ORF85_Baltz2012.train.neg_381;chr13,115034064,115034099,+",agcagctgatgagccccagttggggtttaagtacccttaggggtttcgtgttggttacaccctatgcaaatgaaggattggtctgtggcagatcagaggctgaagtgaagttacaccctatgcaaatgaagactgtgaccaatcagaggcTGAAGTGAAGGCTCCCTGTCTTTAGACCGTATTCTgcctcagttaagaagcaaataaaggccctcagggaaatgaaattaaaaccataatgatggtggtgtgtgcctctagtgccagctactcagggggctgaggcaggaggattactggagcccaggagatcaaagctgcagcgatcacgccac,0,
"C17ORF85_Baltz2012.train.neg_572;chr15,34388809,34388862,-",ttctccatgttggtcaggctggtctctaactcccaacctcaggtgatctgtctgcctcggcctcccaaagtgctgggattacaggcggcagccaccacgcctggcctgccatttttaacagtaagaagttgttgggggtgactggcaaaaTTGGAACCCTAATATTTTAATAATAATGTATATTCAATGAAGACATGGCTTTAgaatgggaattgtgtttctgtcacctgtcatctctacccatagaaggaaaataattactttctatgtcaggcttctctgctaccctggagtggtcttgggtattttcagaacctattcagtgtaattatagacactgaaggccggcacag,0,
"C17ORF85_Baltz2012.train.neg_665;chr16,89630444,89630467,+",ggccctgccaagtgtcggcctctcctgttaaacaaaaacattctaaagccattgttcttgcttcatggacaagaggcagccagagagagtgccagggtgccctggtctgagctggcatccccatgtcttctgtgtccgagggcagcatggTTTCTCGTGCAGTGCTCAGACACagcctgccctagtcctaccagctcacagcagcacctgctctccttggcagctatggccatgacaaccccagagaagcagcttcagggaccgagtcagattctgttttgtctacatgcctctgccgggtgccggtattgaggcacccaggg,0,
"C17ORF85_Baltz2012.train.neg_1541;chr4,152025110,152025139,+",tgattaatgatgcacgggaataagtgatgaaaaaagtttcggtcccagatgatggccagtgataacaacatttttctgatgttcccatgcaatatacagttagctaagagggtgtaatggaaaaagcataaggcttggactcagaagactCTACTAACTTTGCCACTAGCTAGCTATGTaattcagatcatctatcctttacatgtgaaaggtaaataatggcttatcttaacaggaggatttatgcaggttaaatgaggtaggtgttatgtgtaggtttattccaaggcttctctacttttaaaggaaatggcttatatctgagaact,0,
"C17ORF85_Baltz2012.train.neg_736;chr17,30702843,30702870,+",gacatgtaccctagaagtagatactctaaaattatacagacatgaatgtcttttttaaaaggttgtcattattgacctaatattgagtaatctttctgcgttattccaaattgaaatttgtttgctcttcattgtaacttttatgtaaaaGTCCTTTAAAAGGGGATTCAATTATAAggctatttgactatagggcagatttttataagtaaacattcccccaattccacttatgctaactgtctcatgacagtaaagtttactcctttttagaaaccctttctcagtattttaatttctgtcattgaatcatttaaataataacct,0,
"C17ORF85_Baltz2012.train.neg_1000;chr19,6418129,6418165,-",tgtgtgaggcaccggcctcacctctgaccttctgcttttttatctggaaacggggctgctggtagtgcctccccattaaagtggcaggtagagagctcagtagggtgctgtgctgggctcacccagggttcgtgggtccttagttgaggcCCGCACCCCCGAGGAGGTGGGGGGGTGTGGGGCAGCagggctcacccatgggggctgcttcctgtgtgtttgcagcaagcctgtgagatggtgatggacatcctccgggaacgtgaccaaggcggctttggggaccggaatgagtacggatctcggattggcggaggcatcgatgtgagtgtgggc,0,
"C17ORF85_Baltz2012.train.neg_1923;chr9,115629666,115629704,+",ctcctcaggatttttcctccctcctcagaactcctgcctcctcaggattcctcctccctcctcagaactcctcccacctcctcagaattcctcctccctcctcagaactcttcccacctcctcagaattcctcctccctcctcagaactcTTCCCACCTCCTCAGAATTCCTCCTCCCTCCTCAGAACtcctcctccttcctcagaactcctcctccatcctcagaactcctcccacctcagtattcctcctccctcctcagaactcctcctccttcctcagaactcctcccacctcctcagaattcctccttcctcctcagaactcctttcacttcc,0,
"C17ORF85_Baltz2012.train.neg_407;chr13,76011386,76011438,-",aaaactcttactcccttgactcacatgttacattcattaacatttttgcaaaatttgccttataattctctcacaatatagttctccttgttactataattttttttaacaacttaaaaataagttgcagacatgatgctgtcctgccccCTTAATGCTTCGTTGGATTTTTCCTGAAATCAAGGACACCATTAGATAACCAccgtgctaccataaaaattgggaaataaatgccaatctgttgttaccatttaatccacagaccccattcagatttcaccagtgatctcagtaatacccctttaggcctaggatctgtatcgaatccatttgtttatgtttaagtctctct,0,
"C17ORF85_Baltz2012.train.neg_1479;chr3,50373893,50373916,-",agattctgttcccttcctctagggtggatctggagaaagatttgggaatagataggaaagaagtcttgttttggaccataagcattcaggagcactttacccacaggaagggggaaagctagattataaaatgcctaaagaggtggaaaaAGAGATCCAGGTTACTAACCCAGgactgtaaggtgtctcggaacctcctaggtatccccattatcggagaactgtgtgccagatgccattggtgtgaccaccaggctcagagaaccaggcctaggcaccaggaaaaagaaacagggactgtgaagctcagtatgcctggcaga,0,
"C17ORF85_Baltz2012.train.neg_1152;chr20,62372593,62372615,+",gacccctgcccagccccagtatctgaaggaaccacagtggagccaagcccgcgatgtggagaactcaggcttcaggagaccctggccctgctcctggcggctccgggtggctttcagctctctctgcaacctgagctgggggaggagccaGGCCTCATGCCCAGGGCTGGGAgtggggagcctggtgtgcacgcgtgcccaggcctgcacgtggaccgaccaggggaggggcccagagctctggctgggtcacccgcaccccgcccccatctcctccagagccaccccaggaaaagcccggctggacgaggtcatggctgcc,0,
"C17ORF85_Baltz2012.train.neg_1011;chr19,35452618,35452637,-",ttacacactcacctatgttctcaccaggcttctgtggtgacccttgatggggtttgtcctcaggctggggaattagcttggggcaagaggagtcagttggcagagttgctgggcttaggtgggtgggggtaggatggccagaggggttggCTTTTTTTTTCTTTTTTAAatgagtgtgagtgatgacagggtcagaatgtgcaacaaagaaggccaagtgtatgtgacatccatgtgtgccgtgggtggcttaggttgaagccaggccaggggagctagggggctccaaggcaagggtggagcgctccctctccccctt,0,
"C17ORF85_Baltz2012.train.neg_302;chr12,49058341,49058372,-",gcatggtggcgggttcctgtaatccttgctacttgggaggctgaggcagagaattgcttgaacctgggaggtggaggttgcagtgggaggagttcacgccactgcactccagcctgggcaacagagtgagactccatctcaaaaaaaaaaAAAAAAAAAAAAGGCCAGGTGCGGTGGCTCAcgcctgtaatcccggcactttgggaggccgaggcgggcagatcacgaggtcaggaggtcgagaccatcctggctaacacggcaaaaccccatctctactaaaaatacaaaaattagccgggtgcggtggtgggcgcctgtagtcccagct,0,
"C17ORF85_Baltz2012.train.neg_1640;chr5,132071363,132071388,-",cgtgggtggaagccagaccttacagaccaccttaaggattctggtttttgttctgagatctatgggaaaccactgaagaatttttaagtaggagagtgacatgattagatgtgtgttgacactgactgctatttggagaataggcagtagGGCAATCTGATTAGATTCAGGAGTAtagttaggaggcagtaatccagggccaagatgatggtgatttagactagggtgatgaatagatgagaggaataggatgagagatagatagaagtgtattgtactgatataatctgttacttgtcagtgacaatgtcagagtcaatgacaa,0,
"C17ORF85_Baltz2012.train.neg_527;chr15,41914976,41915018,+",gagatggggaaatagtatttaaaagggaaatgctgatcccccataacgctgcctagaagggcctagaagtcttcgtttccacttggtgggctatctttgtaaaattttagagacctggtacccaccagcctttggtatttttcttggtctCTCCTCCCAGTTCTAGCTCGTCATTTCACCAAAGAAGGGTCAagccattggtgaagaaaagtataaattgtatgttttccataccactgcttatgttttattataccttttgatttatcttaaaaagagtcttcgaattttgtgcgaacacatctggaaaacatttattgagcaatcataatagctgtcact,0,
"C17ORF85_Baltz2012.train.neg_813;chr17,80055885,80055910,-",tcccgctccgccgcgctccagcctcgctctccgccgcccgcaccgccgcccgcgccctcaccaggtacgagcagccggcgctggggccggggcgcgggtcgtggtcggggctgggcccggggttcccggggtggcccggctcctcatcctCCGCTCTCGGGGCGCGCGTGGCCCGgccccgtatccaggggtcgcctgggcggcctgtccgggtctcggtgttcgtgccccttcggaggcgcccggggccccgcggagtaggtgggcggatggcgggggaaggacgccggggaaagccaccaacagccgccttcgcttcccgtgg,0,
"C17ORF85_Baltz2012.train.neg_1822;chr7,148717846,148717875,-",aagcgctgtgctccattcgctcagcccttcacccggtcatccagaccttggggggtggggtaggagtgtctgggtgcaggaacttgcactctagctttaagaacgctgggagctcactcgttctaccactgtgcgttgaacggccagtgaGCCAGCCCTCATGGAAGGCGATGTCTTCTtgtctcagtccagtgggttaaagatgaatacgtcctctgatggtcacagctgggggacgggcatttaacaagcggcaatgacacagagccctgtgttggtaacagacacgtccttgttatagattctgctccgacctgtctcaggccacc,0,
"C17ORF85_Baltz2012.train.neg_1202;chr20,44697293,44697319,-",gccaaagaccatgctaagtgctttctgtacatcatctcagtgagacaggttaactctatcacagccacagagctgataatgcagtgagtcccagatataaacctcatttgtctaatcccagagaattctctaggtgactttttcaggataAGACACAGTTTTATCTTTATGAAAATttccttaacttttcaggagagaaggctcttatgaccgatacctacgaatggatgactattgcaggagaaaggatgactcttattttgaccgttacagagatagctttgatggacggggccctccaggcccagaaagtcagtctcgtgcaa,0,
"C17ORF85_Baltz2012.train.neg_1077;chr2,37298369,37298393,-",ttcaaattactcttgctttgcttcacagttccgtagagatatctcaggggtgcctgtgagcagatgctgagtgaaccctgccccagtcttgtccctacctctaccccacctctgtatcatagaaagagaaccagatgttttaggttcaagTCCTGTCTCTTATATTTATTAACTgtgaaaccctatttcacttctttgagctttgattttcatctttaatgataattatttcagtagatgatgatgatgatgatgatgatgatgatgatgtaatgttttaaagtgctaactatgtgccaggcactgaattaagtgtattacaaa,0,
"C17ORF85_Baltz2012.train.neg_430;chr13,111542825,111542849,-",tgactgatgtttctgtgattatcacagttgaaatatttcagccaagatgcacattacttcaaagctgctcatccttggttttcctaatttgtatactgaccatgactttactaatttcctggaacttctgatggttctgtcttttatgtaGTTGACAGTCCTTAGATTTGCCACactcgtcacaagagtgtgtttatatttttttgtgtctgtgtgagcatagatgggcatctttagctcacctgcactcccaccactcgtttccctatgggaaaaggtgattttttgccccccttttaccattacatactgagagtgctgatg,0,
"C17ORF85_Baltz2012.train.neg_1390;chr22,22333400,22333427,-",gtcaggttctgtccttgtaatctctcccctcgaaccctgacccactccctctccctcctactcacctggactctcccatctaactaaatccagtgcttcctctgctgtgggcctgcccgcagcatcaccacctgtcctccctcagtggacAGCCGTACCATGCCTCCTCCTCCACCAagagaagtgcagccttgtggcagctctgcatcgcctggatgctgaccggctgcctctcttgcccctcaccctcccaaggccatcactgcagcagttccttcccctccggcacgcagcttctcttttccttctcgccagagcagtcccatc,0,
"C17ORF85_Baltz2012.train.neg_1407;chr22,41673535,41673558,-",ggtacccgcatcagtgagccatccttgggttctggcccaaccagggaaacttggacccaccttggacaacttcttagggagcccctgctaggttataagtcctttctcaagacccttcttgaccagaaggtcaagttcaaactttatctcCCATACCCATCTCTATCTCTTCCctcccacatgtcaccctactccatcctgtaccagccagactcaactttttgtttcatgtaagttttggttttgttcagattatacaattaatgcaggtttattatagaatacagaaacattcaaagaacagggaaaaaatatatcctcac,0,
"C17ORF85_Baltz2012.train.neg_1637;chr5,123986039,123986066,-",gaaaagcagttggaaaaagcagaatggcttgcaggaaacgagtgtgttagttttgagatttcttttctaatcctctgaggcaaatgcgtaccaaagttgactccaaagataaccccaagagtaaatctattgtgcacatttgttttcttaAGAGGGCTATTTTAGGAGTCCTTAATAtgaaacaaaaccaaacactgaaacagatacggtacccaggctgattactgtctcacaaagtcaaagaggggaggattagggaagtgaaatcgtagttgattgtctgctatctggactcttgagtccccactctcctgtctatgcctattt,0,
"C17ORF85_Baltz2012.train.neg_1756;chr7,2413245,2413275,+",tggctgccagctgccctcctgcagagccatgggtttggctctgtaccaggaaggggttggaatctcctggccgcacctttcgcagcatgattctgtgaggagtttagttttcactttgctagagcttggcagggtgcgtggtgccctcagTTGGCAGTGGATTACAAGATTGGCTGTTTCattaattctggttgatagaaacatatgggcaattgcagactgtccagagacttgtgtaagtcttctaggtcataaaacataggcaagcagaggcaccttgtaccttccaaacatgctgcgtgacacgcctctcctgaggtttggcatgga,0,
"C17ORF85_Baltz2012.train.neg_612;chr15,75729435,75729457,-",caggaggttggggatgcggtgagccgtgatagccctgctgcactccagcctggtggacataatggtatgctattgcaaaaaaaaaaaaagggttctgggactgcctatctgacaggattgttgcgaggaggacatcagctgatagcagtcATACATGGAAGACTTGGCTGTTgtcggggaggaaatctctggctcagtgctggacttctaaccctccgcacagggccaggcatgtcttaagcacttgctaattatttgtgggatgaatgacttggcaaagattgtaaataactattgcctgcaagtctaaacttactatttt,0,
"C17ORF85_Baltz2012.train.neg_1863;chr8,106510917,106510940,+",agtagctgtctcccctttgctttgaatcctaaacccctctcttttcatttttatatcccaagcatctgctcttagcacagttaaatccctgcaaaatagccgtaacttgagttaaaaggagggagatgtggagggaagagcatatgcaaaGATTCGATGCTATGAGAAAGCTCagcatgtttggaagcctataagcagttcattcctggtggagcttggttgggaggatgggcagtgaagttggagagatggtcaggggaatgaataagaggtgccttgcatgctgtgcaaatgcatttagacttgatctgcacgtgataaga,0,
"C17ORF85_Baltz2012.train.neg_1734;chr6,52143213,52143234,-",gctgtttgttctttagtaattctgttgttattaaacaattttaatacctgctacctgctgggctgctaaatgagcctagtacaaatattaggataggtgttaacttgcccgtgtaccagtaagtctatttattactgaaggcgttagtgaTGCATTACTACTTAAACATTTtttctttgttttagttctccaacttgtttttatctttttaagataggatgtatatccacatttagaattgaactacatatatgaatgtgtgatgataaaggttactgttcaagcacagtacatgttcttattaaacctaaaatgttttga,0,
"C17ORF85_Baltz2012.train.neg_193;chr11,806357,806387,-",agggaggcctggaagagacctgcctgtcccagagggagggatggtggtagctgggaaatggaaggaagaaggagccgccgatatgacctcaggaaagaagcaggcatagctggtggtgtctgttccctccctaaacacctgctctcctggGCGAGGAAGCTGGTGAATAAAGCACAGGCCcgctcgggggtatcatgttggtggggaaggaggagccgctgatatgacctcaggaaagaagcaggcatagctggtggtgtctgttccctccctaagtacctgttctcctgggcgaggaagctggtgaataaagcacaggcccgctcgggg,0,
"C17ORF85_Baltz2012.train.neg_1214;chr20,50381863,50381886,-",tttttagtacagatggggtttctccatgttggtcaggctggtctcgaactccttacctcaggtgatccacccaccttggcctcccaaagtgctgtgattacagatgtgagccactgtgtctggccaatctatttcttaaacagtgacatgGATTTGGATTCAAATTGTGTATCagggttgctgtgcatttgcgtaaatgctcttgtatataatctgcattttcaggagtagcaacatcaaggtggaatcctgaagtttagaaactcttgagaagcacagagagatggaggagcttcctgaaatagaactaggggctgggggat,0,
"C17ORF85_Baltz2012.train.neg_110;chr10,111888360,111888383,+",ttgcccaggctagagtgcagtggcgcgatcttggctcactgcaagctccgccttcctgggtgcacgccattctctgcctcagcctcccaagtagctgggactacaggcgcctgtcaccgtgcccgactaattttttttgtatttttagtaGAGACAGGGTTTCACCGCGTTAGccaggatggtttcaatctcctgacctcgtgatctgcccgccttggcctcccaaagtgctgggattacaggcgtgagccaccacgcccagccaacttttttatttttaataagagttcttattccctgaatgttcctttttaataacatcc,0,
"C17ORF85_Baltz2012.train.neg_341;chr12,117598732,117598759,-",tgtccagtctgtggtagctgctgctccgtcatctgtctccattagaacatgttctttaaggaccaggaccaggtcttgttcctaactgtcgccttccccacgctctcaacacaattcctggcccatgataggagctcaaaaaattgtttaAATGAATAATTAAGAAATAACTGCCAGgtgcagtggctcatgcctgtaatcccagcacttggggtggcagaggcaggtggatcacttgaggccaggagtttgagaccaacttgagcaacatgacaaaacccggtctctaccaaaataaaatacaaaaagtagctgcacgtgatcgca,0,
"C17ORF85_Baltz2012.train.neg_104;chr10,94063672,94063712,+",ttttaaaatcacatggaattatattacccataccagtaagactatacatctgttcttaggaataagtaatagtccttagatttgtctagtttagttctcttctgttgtcttcatataatgacagtgatttgttctttgttccctgaaccaATCATGATACTTCCCAGATCTCCTTTTGCTTTGTAAATGAatatgccccaacttggtgaataggatggtgtaggagtaacatcagcaagtaggtggcatttagaaaagctaccagaagggtaataagggtgaaagaaaatgaattgaaagggtttaaatgaatcttaagatcttaagtagtggcgtggcc,0,
"C17ORF85_Baltz2012.train.neg_1790;chr7,6068711,6068740,-",ccaaagtgctgggattacaggcatgagccactgcacccggccagatgttgagatttttaaaactcctggatgattctgatgtgtaggcaaatttgggaactattcctcaaatatttaacttttgaggggctgcttgctcctgagttccaaACACTTAAAAACATTTACAAGATATTACTatttgttttaagaaagccaaggagttgacttgttttgtttgttgatagccaagaaatatttttcttcatggccctgatcagcaagtaaaaataggagactttggtctggcctgcacagacatcctacagaagaacacagactggaccaac,0,
"C17ORF85_Baltz2012.train.neg_1882;chr8,103316581,103316614,-",tgtcattatcattgaatcagtaaggattatacatagtacataaactgagactgaagtactggtaagtaggtctttttctattttaataagtgaaagctaaatttcagtcttcttattaatgaccttatttttgcccttcgtggattgagaAGGAAGGCGGAATAAGGAAATAAATCACATGTGaaagatcagatagttcagtctgtctgaagtgttagttgctctaaggaggaaaaattgaacaattggttatctagtatgtgaattagaatactaaatatatagagattagtgtttagtggactatacatactcagtgtattagttctaaaa,0,
"C17ORF85_Baltz2012.train.neg_966;chr19,39858659,39858701,+",atgtggccagcctggggccatattcttagggacctcccttgtgggttgaaaggggaaacctgaggccgggcgcagtggctcacgcctgtaatcccagcactttgggaggctgaggcgggtggatcacgaggtcaggagatcgagaccatcTTGGCTAATGCGGTGAAACCCTGTCTCTACTAAAAATACAAAaaataagctgggcgtggtggtgggcgcctgtagtcccagctactcgggaggctgaggcagtagaatggcatgaactcagaaggtggagcttgcagtgagccaagatcgcgccactgcactccagcctgggcgacagagcgagactccgcc,0,
"C17ORF85_Baltz2012.train.neg_99;chr10,93199691,93199720,+",agaggtccttcacatcctttgtaagttgtattgctaggtattttattctctttgtagcagttatgaatgggagttcactgatgatttggctctctgtttgtctatatttggtgtataggaatgcttgtgatttttgcacactgattttgtATCCTGAGACTTTGCTGAAGTTGCATATCagcttaaggagattctgggctgagatgatggggttttccaaatatataatcatgtcatctgcaaacagagacaatttgacttcctctcttcctatttaaatgccctttctttctcttgcctgactgccctggccaaaatttccaataata,0,
"C17ORF85_Baltz2012.train.neg_1167;chr20,32272103,32272130,-",gctgatacaggttgaagaaagggcaagaagggcttttaggggccctccctcttaatgagtgggtgggagggggttgtaccaggggtgggccaggtggcctgtctcctgtactccaggggcctgttcctgtgggtaccacttgggacctggGCAAGCATCTTCCATTCAGCTGTGTGAcaagcattatagaaggctcaggtctgcggaaatctaacaacctgagggtcttgtcctcaaagatctgaacaggattatgggttctaggatcaaagggagggacaggggcaaagaaaaatgccctccactccacctgtcaggggcaggctc,0,
"C17ORF85_Baltz2012.train.neg_334;chr12,95444397,95444422,-",atatagaaacagtttattcagggttttcctacactgcgtttatcatttaaaatattgaataagctgaacacattagtgtataggaggctgaggcgggaagatcacttcagcctgggattttgagtcaaccggcaactagaccccatctctAAAGGAAAAAAAAAGATATGATAAAaatacgctgaattggccgggcacggtggcgtatgcctgtaatcctaccactttaggaggccgagaggggtggatcacctgaggtcaggagtttgagaccagcctggccaacatggtgaaaccccatctctactaaaaatgaaaaaattag,0,
"C17ORF85_Baltz2012.train.neg_374;chr13,111855551,111855579,+",acttcacatttttcacatcctgttattctgggttttgtgacttgctgccttgccactatgaaggttagtagaaatttatgtatgtatttctttttgtagtatacaaaattgacaaaataaaaaatgacttgaattttcagagcactaagaTTAGATCTGTAGAGCTGAAAGACATTCAgatctcctatttaaaaatgttatgatgaagagaaattttatgttttgcatataaggaagctgaggcctatttaattccttttaaaaaatgcagcttaacccgtatttgttataggtggttatgtcagcctagatgctgctctcatttgag,0,
"C17ORF85_Baltz2012.train.neg_1024;chr19,42744645,42744683,-",gacattcatttctgtcaccaagaaccagtaaagttaccagctctacaggggaggacttagaggtcagtatcctctaggctgtgagagaggttagtgctttcctaaagtaggagtacctcagggttactgctccctgaagtggaagaggctCGGTCAAGCTTTCTCCAAATAGGAGGGGCCAGAGGGCAgtagatccagagtagatggagtcaacatctgatgtctcccagtaccaagatggaccagtgatctgttgcttcctagaagtagaaatttggggttgccaacccttgaagcagagagatttaggtatcaatatcctcctatgtggaggggag,0,
"C17ORF85_Baltz2012.train.neg_1040;chr19,51305702,51305723,-",agagacagggtttcaccatattggccaggctggtctcgaactcctgacttcgtgatctgcccacctcggcttcccaaagtgctgaggttgcaggcgtgagccaccgtgcccggccgcgtttcctactctttaagctctgttagcttggccTCTGTCCCTGAAGGTAAGTGGcctcaggacctggttgcagaggggctggggctcccatgatgtccagcactgggctctgatcacccctgaggacacagtgcaccccaggacctttgacacctgggggtctgaggggccccagttttaatggcttgtggacttgcagactgt,0,
"C17ORF85_Baltz2012.train.neg_1459;chr3,122965070,122965092,+",attgatttgaattggattgggtattagtataatttacagtgcatactcaaaatctatgtttttttatatctgctttagcctccttctaaaaacactggttggcttctttgattccattggcacatgtttatcatctgctctttaggaggcACTATTTATAGGCACCCTGGGGaccccaagatgtgtgtgacataggccttgcagtctcataactgaaagttgaactggggaggcaagaaagtaattgccaaatacacagagttgggaagggggagaggtcagtataatcaggattggagaaggaaggttttgtggaggagag,0,
"C17ORF85_Baltz2012.train.neg_641;chr16,30774018,30774048,+",gtctgggccaggcaacaaacgcgccgccggcgacgggggctcagggcccccggaaaagaagctgagtcgtgaggagaagaccaccacgactcttatcgagcccattcgtcttggaggcatctcttccacggttcgtgggctcttgccttaACCCTCAGAACTTCCCAGAGCCCTCCCTCTgttctctggccaaactgtgcggaatcttacacccacttccccaagtttagcaaggtccgcgttacaggaccttgaaagaaaggttagaaagaagctcagaacacgacgcctgtcttccctttacagataggaaaacaggtttccaggggg,0,
"C17ORF85_Baltz2012.train.neg_462;chr14,102239933,102239957,+",gaggccacagtgcaaagatctagggcaagatattcattcagccagaggcagcagctagtgcaaaggccccatggaggaagtgagtttgccgtgtccactgccaggtgttcagttgactaaggaaaagtgagggtaggcagagcaggagggATGGAGGTAGGGAGCCGAGCACAGacaaggtagggtaagatcttataaacagcctgcctagacagggttttgggattttggcagggagggggagttgttttggggttttgtttttagagacagggtctcactctgttgcccaggctggagtgcagtggtgcagtcctagctcac,0,
"C17ORF85_Baltz2012.train.neg_2017;chrX,20256607,20256627,-",taaaatacccttcagattatgtttcactcaatttttttcttaggttgctttgttagtatatactatactattagctgggtgagtatttgagaaaagaaagtttattgtaaaatttgagatgacgtgaagctgaaaatagtgaagaggctgATTGACAGATTTGGAATCTAatatatagagactgtagcaatggatgagagctggaaaaagatgaatcaaaaattttaaataaagttttattcatggaactaagagtaacaacaggtatgcagggtgtggttgcagtgcaagacaaggatttaatcagaaaacttgatatg,0,
"C17ORF85_Baltz2012.train.neg_863;chr18,57568687,57568710,+",tttctacatttttggtgaaagggataacttttccacttagaattcagggcttccagtgtcggacgctgaatggtatttggtttttcttttagaactgtatattaatatatctcaatctctgtagacaacatgtctatgtaaatacttcccAACATATTTGATCTTGTAGCCCAtaaagaataacaccttaagggatttattaggtctcttggtgtaggagttaggaaagatttcactcacttcttgtagagagaaattggttgaaatataggtttaagattttgctttactatatattgacagctttgatttattttgagcct,0,
"C17ORF85_Baltz2012.train.neg_716;chr17,1799513,1799543,+",tagtaaccctatatgtagaaactgtggttaccctattttgccactgaaggaattacatacagagagacacgggcattcagagaacaagtcacttgcctaagttgtatgctagcaagtggtcgagctaacgtccaacccaggcagcctgacTTCAGAGCTTTGCTTTTGATCATGCTTACGagtatcacgggatttagtaccgaccaagcacacagcagtgtgacagccccgagctcgcctgtgcagccttcctgggtatcactccgttctgcccggaaaggcaccattcaggccgtgagtgtaaacgtacgagtgggcagggggagtggt,0,
"C17ORF85_Baltz2012.train.neg_1348;chr22,31497068,31497126,+",gcttcgagagcctgactggaagtgcgtgtacacgtacatccaggaattctaccgctgtctggtccagaaggggctggtaaaaaccaaaaagtcctaacccctgctcggggccccacggtgagaaacgccgcctctaccacctgccccgttTCACCAGAATCTGCTCAGCAAGGCCAGAGAGGGTCCAGGGAGGCGGGTGGGGGAAGTAaggggggcatttagtcaagccagaggagccagacatagccctgtcttctggcagttcagggcccagcaggtgagaccattctaaatgggcagtgatgacccaggtgggcagcactgtgatgggggaagcccaggggagatgcctgaccca,0,
"C17ORF85_Baltz2012.train.neg_626;chr16,2572989,2573016,+",cttaactttttttttttttttttgagacatagtctccctttgttgaccaggctggagtgcagtggtgcgatctcggctcactacaacctccgcctcctgggttcaagcgattctcctgcctcagtcgcccgagtagctgggactacaggcGCCCGCCACCATGCCCGGCTAATTTTTgtatttttagtagagacggggtttcaccatactggccaggctgatcttgaaatcctgacctcacgatctgcccatctcagcctcccaaagtgctaggattacaggcgtgagccatggtgcccaaccaatacttaactatttcttaagata,0,
"C17ORF85_Baltz2012.train.neg_1523;chr4,41521892,41521931,+",atagtaaatgaatgaatttgcaagtttccatttatcaaatgctagcaacacccatcaccccactggattctcactctaatcctgaataggaggcaaagctaattttaaatccccattttatggaagggaaaactgagaccctgattaagaAACCTTTCAGTAACTCATAGCTAATATGTATAGGATTCAactttaaaacctaggctactgactccaaattcactgcctcttcctcttcatcaagctgaatgttgtaagttattggtgatgttttatctatgctctctgatacctatgatttttaataagcagaaattttctatatgcatgtagttgtaa,0,
"C17ORF85_Baltz2012.train.neg_1925;chr9,128127275,128127297,+",ttgattcagtaaatgttaagcagcagaagacttcgaatggttgaaattcattgttacaggatttaactcataaaccaatgagagattttttttttctctgcaatggttgctaagtctattccatgttaacactgtggaaataaatatgaaGATGTGGACATTGCATCGGGGCtcttttctgtggaagagaaggtggtgggattggggtgaagggctacactggaggcaggagatagggctgtgctgtgttggagccggggctgagggtagaccccccagagatttgacatctgtgacacctgtgaaatgggttcgggtgctc,0,
"C17ORF85_Baltz2012.train.neg_522;chr14,103987946,103987969,-",gcgtccccctcccggcgcggtccccgcccgcttttgtttacgtcgcccgggagcggcagccgccgtcgcgctcttatctgcgcgcgcccgggttcagtttcccggagggaccgagggacggaggcccagccccgcgcccacagcggcctgGGGCCCAGGGAGGGCGGGTCCTGgcgcggggtcaccgcctgggaccgtcgcccgggccgtgaggactggacgcccgcagatccgggcgggtggggccctctgacgtcccccgaggtggggcacgggggcgggcgggtccgcgctgcgggctggaggggcgggcgcgggagccg,0,
"C17ORF85_Baltz2012.train.neg_1570;chr4,13435520,13435543,-",gttttctgtttctatgttaattcatttaggatagtggcctccagttgtatccatgttgctgcaaaggacatgatttagttcttttttatggctgcataggagtccatggtgtatatataccacattttctttatacagtccaccattgatGGGCATCTAGGTTGATTCCATGTttttgttattgtgaacagggcttcaatgagcatatgagcatatatatatatttttcggtaaaatggtttattttcctgtagttatataccttcataatgggattgctgggtctaatggtagttctatttttagctctttgaaaattctct,0,
"C17ORF85_Baltz2012.train.neg_66;chr1,85113687,85113715,-",atctcggtttatattaatattgcaacaaaataattaggagtatttgtagctaatttctacaacatcctcattgttccttcactgtagaatggaattttatataaaggctgtgccttagattccaggcaaggagacttgtgcgtaagttacCTAAAAAACTTAGTTTGATCATTTGTACagggattctgatgaccgaattactataagtattggtaaataaatttatagtaatttggtcatcagaatcccttgtacaaatgattaaactaggcatgcactactactcccagctaattttttgtagagacagggtttcaccatgttactc,0,
"C17ORF85_Baltz2012.train.neg_1136;chr20,47571394,47571415,+",tgtttggtattcatttactcaaggaaagcacaaaagaaaaaattgccaccaagaatggtgttgtgtctcagggtgagcacggagttgccttctacttacttctgctgtcgagagtcctaaggaaggtgctcagaatcccccggcccacccTCTGTGTCTGTTATCATCTTTgcctttgtaactctctagggaaaggaccaggtttttactgtaacccttattaagctgtgatcagtcaataaatattaatatttaaatacactgtaataagcatagctgtgcagatataaaaccaagtctctctgacctgcataaaagtgc,0,
"C17ORF85_Baltz2012.train.neg_1173;chr20,33440920,33440943,-",ttactctgtgccttgggaaaaaactctaaaagaaagtaaagatcctgactggatgtggtggctcatgcctgtaatcccagcactttgggaggccgaggtgagtggatcatttgaggtcaggagttcaagaccggcctggccaacatggtgAAACCCCGTCTCTACTAAAAAAAattagctaggtgtggtggcaggtgcctgtaatcccagataatcgggaggctgaggcaggagaatcacttgaacctgggaggcagaggttgcagtgagctgagacagcgtcactgcactccagcctgtgtgacagagaaaaactctatctc,0,
"C17ORF85_Baltz2012.train.neg_1380;chr22,18444916,18444939,-",gcggccctctctgttccttcccagatcccagctctgtaccccgacagcctgcctgcccagttgaggacatgtttgcttgttcgctttcgcacttacgttagttttccccttgagttccaggatctttagcttctggagggttggaatgatGTCTCGCTTTCCTCTCCCAGCAGtcgtcacacgccatgtgatatgtgcagtcagcaagcactcgattgacagacctacccctctctccagtcactggccttgaaaattatctgtaagaagcactttcctatctttgcctcattttgaacccatttttctgtaagtcctatagt,0,
"C17ORF85_Baltz2012.train.neg_1819;chr7,137624332,137624359,-",agaattggtggtcctgatggcagctgctttcagcatcccagtctctgtggcttccccactatggatgacaagaacagaatcacaggttctgtactgcctcagccttgaacggttgacttgatcatggctttgatggtctttcacttgttgGTGAGATTCAGCTGTCTGTTGTGGCAGaaggaaggggcaagaggactcggggatggtttgagtttcttgaagcatatcagaggacttctctacctgatacgggtatttctggaacagctctgtctgctctaaaaggatcctgaggatttccttcattgacatgaggagattgccctt,0,
"C17ORF85_Baltz2012.train.neg_866;chr18,57569651,57569682,+",ctactctttgtagcattgcttttaaaataaacaaagtggttttacaatgttctcacatcccaaagaatgataatgctactctttgtggtatttgacatatttgaaagtaaggtaacacttgcctcatccaggatgcgttttttaaaaactCAAAGTAAATGTCTTTATTCTTACCTTAACGattgctttcggtgagtcacaatgtgtgtaagtgtgtgtgtgtgtcacatttggaaaacaggtgcacataaagccaaagttaagagaaatgcttcctgggatactcaatttgtcactagtgtgggcgtattaggttttgctggttacagtc,0,
"C17ORF85_Baltz2012.train.neg_1922;chr9,110069621,110069641,+",ttcaggcttctgcctgtgtggatctttaggggaaaaaaaaggaaaagagtgttgagatatttgaggagcaagaaataatttcttgtgggaagttgacagcagagacacctcaactaagtggctgcttaggcagttaggattattgagcagTTTAAGACAAGACTTTTGTTtttctccccagacgatcaggtaaaatgaccaaagcaaatgcttaagtcagagttctcttggttggaaatcatacagcacaattccttgatctaagagcatgagttatattatgaccagccttcactggcactacagctgtttgtattttg,0,
"C17ORF85_Baltz2012.train.neg_1795;chr7,26237152,26237172,-",attggtggcttaagctttgaaaccacagaagaaagtttgaggaactactacgaacaatggggaaagcttacagactgtgtggtatgtaaattactgaattgttactggatattagtcttttagctgtatgttaagtgaatcatggaggaaATAACTATCAGCATAGTAAAaaattctattatgacttcacttataagctataatgagattaaatgctaaagtttaccctttggtttgaaaggtaatgagggatcctgcaagcaaaagatcaagaggatttggttttgtaactttttcatccatggctgaggttgatgctg,0,
"C17ORF85_Baltz2012.train.neg_1953;chr9,33933454,33933490,-",ttcatctgttccagctccaaagacaacaggccctccctctgccctcccgtctgtgagctccctgcccagcaccacctcctgcactgcacttctgccgtccacatcccagcacactggcgacctgactagcagccctctctctcagcttagCAGGTATGGGGAAGGTGTGGGCCCAAAGTGAGAAGTaccttggggcaagtcctggagctcctgtagaaggttgctttcatgaacagagcacacttgttgtctctgacgtgatgtcctgggcttttgcattacgactgtagcttaggttttggccaggttgttccttaaaaccaccagatatggaaa,0,
"C17ORF85_Baltz2012.train.neg_1644;chr5,137323548,137323569,-",tagaatataagttttaaaaaagtagactttacataagaagtgtgagcagtactcatggtttctttcattttgctgttagtaggttattttgctttataagtatagctttgaaaagccttatttagtggttttctgtgtagtgaggagtgaATTATAGGGACAACTGATCTTtcccatcccagtaataatagtgacattatggttgatttgtatatgattgtctgtttgggtaaattttacttttaaaacttaagccagtatcatgtattccttttatgtatttctttttacactttggtttacccatttaagtaccataat,0,
"C17ORF85_Baltz2012.train.neg_1031;chr19,45926221,45926247,-",ttggtcctccccaggtcccagtttccccatctgtgaaatggatgggtggttctaagagagggctaaggcagaggccagacactggcattcagcaggtagcccctgatgtgttttacgaggccagcaccctgatttttcaagacatgaattTATTGCTCGTGTTTAAGAATCGCCAGgttttgcaatcttaaaaaaatctacactttagacatattttggtaaatggaaggacctggcaatattgaaatctccttcccaagggaaaacaatcgacgggtgatgagcattggctatgaagaaaaggaaagtgggctaaggatgtaggg,0,
"C17ORF85_Baltz2012.train.neg_1247;chr21,37788766,37788791,+",cccagactcgatgaaaacaaaggaggcacggaaagtctggacccttgatgggacctcggcttctgctcgaagcctaccaggctcccggtgtgtgcagggagacggtaaagctggaggtgcctgagaccagggcttccatggagcgggacaCACTGTAAATGGATTTCTATAACAGaagtgacatgtgtactgatttttctccagaaatatggatgctgttgtattcagtatccatttttaacttgggacatgaacgttttaacgtagtaaatcctctttttgatgagtttctgaaactggagcggttcaacgttatccagtgtga,0,
"C17ORF85_Baltz2012.train.neg_1510;chr4,2491029,2491082,+",gtgccctaattgcagtgccagcctggctccacacaccatgcttaggagttaggccttgataaggagccagggaaagttgctgcggcaaatgtttcggaaagatggcctggcagtagggtagacgggcacccagggacaggagacccagcaTGAGCAGGCATGGTAATGGTGCACAGGAGGATGACACGGCACAGCACTGGGGAtgcacagaagggtggatgtgagagcgttcctgtcgtttccgccacctggatccctctcacctgtgtctgttttgcaactccatctcgttatgctacttcagtacgttccatggtgtggtctctggaagcagcacctgggaacttgttaga,0,
"C17ORF85_Baltz2012.train.neg_957;chr19,33077101,33077124,+",ctactttaaaagagaataaattgcctttcctaaattcctctgcttcgctcctttcctggcgttgctctggaaccttgttggtgtctgtgacccaatgactgttagggtcagctagcttcaattgcccctgcactggaagcaaggtttgtcAGTAACACCAATTAAAATACTACcagtgtaagtagaaggtgtgttttgcagatgagaaggtgctaagatgccttgcttatgttctctgtgttgctgtaataccatgaggggtatgttgtggcaaacctggcctttgagatcaagacgaaccccacctgccctgagaagccgtc,0,
"C17ORF85_Baltz2012.train.neg_1183;chr20,33976417,33976468,-",tgggattacaggcatgagccaccgcacccagccccgattccttctattggagagcagtatttagaaatcaagatctgggtattaagtgtgcatgagcctgtgttgttgaactctactcagacttttgaaggcagcttgatatagcggacaGAACATAGCTTTGAGTATATATCCTAGTCTTTAATGAACTTTACTTCTTTGagcctttgtgttctaatttctaaaacaggaaaaaatagtccgggcacagtggctcatgcctgtaatctcagcacttctggaggccaaggtgggaggattgtttgaggccaggaatttgagaccagcctgagtaacatagcaagaccctat,0,
"C17ORF85_Baltz2012.train.neg_1026;chr19,44252354,44252384,-",gcgggatcaggtttgcacccagacctgtctagctcctagttcctttcctcctgggcttgttgcctcgcagaggcagctgagcagaatgcttgaggatttggttctgcagccaggctgcctgggctttgtgactttgggcaatctgcttaaCCTTTCTAGGCTTCATTTTCTTCATCTGTAaagtgggggtaataatagtatctatctcacagggctgttggtaggatcaaggtagttaatatatttcggcatttagaatagttcatggtacataaagatctggaatgtccaggagagccattcatgagtaactgccctccctcaccacag,0,
"C17ORF85_Baltz2012.train.neg_1994;chrX,54570812,54570833,+",ccccaaggaggttgtggagaaatggctggattaccttcggaatgagttgccaaccgtggctttcaaggccagtacccagcatcaggtcaaaaacctggtaagcctggggctagggtcatctagccgctttcagggtagtttggggccagaGCTGGGAGGGTCGTGACTTGGactgggacctccagccctttagtaattgaactgggccttcaactttgagctttttgctccaccgagtgacttttttttttttttttgagatggagtttcactcttattgcccaggttggaatgcaatggtgtgatctcggcttactgcaa,0,
"C17ORF85_Baltz2012.train.neg_773;chr17,73211168,73211189,+",cactttgggaggccgaggcaggtgtatcacgaggtcaggagatcgagaccttcctggctaacaaggtgaaacctcgtctctactaaaaatacaaaaaattagctgggcatggtggcaggcgcctgtaatcccagctactggggaggctgaGGCAGGAGAATCACTTGAACCcgggaggcggaagttgcagtgagccaagattatgccactgcactctagcttgggcagcaagagccaaactccatctcaaaagataaataaataataactggtgacatgcaagttatattttttctttttttaaattttgagacaaggtct,0,
"C17ORF85_Baltz2012.train.neg_916;chr18,55335164,55335187,-",gctttgacatttggtgggcacagagtagaacaatacaaagtactgaacaataactttggttttcttgccaattttattgcttggcaataaaattgtatacctaaggaaagaacgattttaattttttaactttagaactcaacaagcactTGTTTGGTATTGATACTTTACTTtgtaagccttccacaagaaatcaaataatgtctcttgcgctgaaatcgtcaacgggttacacactctgcaaagttatgggaagcacagccctgaccttaaataaatgccaaattgggtggtaatttaaaaggaaaaaaaatcttcacgta,0,
"C17ORF85_Baltz2012.train.neg_753;chr17,53019089,53019116,+",cttgctaatcttgttgggtaatgagagaaagaataatacagataaaatcccattacaacaagtgtctataaaattcattaaaagtcaaatttcagctaatagctgcctgttttaatctgtaacctacttggatctaataattcagtatgcATAAAAATCACTTGGGTGACTGTCAAAaagtcaaattgctggtccccagaaactctgattcagcagcaagaatctttaacatgcattccaggaggatcataatgcagtggttttcctatcatacattgagaaaccctatgatgaacatctataccaagattcgagggcgtatacctg,0,
"C17ORF85_Baltz2012.train.neg_131;chr10,65023246,65023271,-",ccacacctggccttcatttgtatatttagagtttaggttgaattaaatggatatattatagatttctttttactcagatgttttaaaataatacagtaattgcatggaaagaaaggatgagtgaaccagtttaaattttttctaatggagTAAAAAGTTAATACTATTTTATTTCagacttgttactgtttttcaaaaataaaatgtagagctattatttccatggagagaacaagagcttgtgttaatgagcagttatttgttgtgcatggatttgtaatacttagggaattagaatagttctcttaggtccaccaaaatgaga,0,
"C17ORF85_Baltz2012.train.neg_919;chr18,55400610,55400647,-",tctggctaattttttatatttttagtagaaacggggtttcactgtgttagccaggatggtctcgatctcctgacctcgtgatccgcccacctcggcctcccaaagtgctgggattacaggtgtgagccaccgtgcgtggctgccttaaatTTTTAATAATCATTGTGCAAATTATTTAGCACTCCAGtgttttgatttttctcctctgctgggtaggaataacaataatactgttattcaccatggtggtgtgggaagtttcaaagagcacatgtctataaagtgcttagtgcaaggcttggcatgcagttaacacaaaataaatgcgagctgctgt,0,
"C17ORF85_Baltz2012.train.neg_270;chr12,69129584,69129608,+",gtatcagtaaggcatagctaaggtaggggctctcacctctgggctgtccattttaatgacctggcagactttttaaaaacactacagggttccactcccagagattatggtgtaattggtctgaggtagggctggggtttatttttgtttTTTTAATCACTTGCAGTGCTTTAAtataatatatagcctgtgttgagaaccagctacagaagtatcaagtgccataagaaaggcacaggttaagtattttctgagtccaggaaaagaaaagattgttttcacctgaaagggaactggaacgtatgcttgaaatgtatagcattt,0,
"C17ORF85_Baltz2012.train.neg_1821;chr7,148547390,148547423,-",tgtagattttcatgatatactttattaggtatgttattaatggtagaaacagcatggaaagtcttccagaatattagacaaggacagttctagtactaaaacataaaatgctaactaatgtcttcatcaagacataaaatatgtatcttaAAAAATAAATTGTAAGCCAGGCGCAGTGGCTCAcacctgtaatcccagcactttgggaggctgaggcgggtggatcacaaggtcaggagattgagaccatcctggctaacacggtgaaaccctgtctctactaaaaatacaaaaaattagcctggcgtggtggcgggcaccggtagtcccacc,0,
"C17ORF85_Baltz2012.train.neg_1918;chr9,78575553,78575574,+",attctgggaaaacagagggaatgtgatcatgtgaaagggcatgaataaagaaaaacagctgaagaacaaaaggaaatttaagacgccaaagattgtaaattaaatcttattactataaaggccagtttacactttttctatatcacagggTTGCATTTATTATTCCCTAAAtttatatttatagaagagaaggccagagatgagcatcggctctccttcgtgctccagccgtgctctacttattaacattcgacagctgtttcccgagtgcctgccaggagctcagttcctgagaggctctgccataaattatactcttcc,0,
"C17ORF85_Baltz2012.train.neg_218;chr11,62411144,62411172,-",aagacaagcctgggcaacttttttttcttgtttttgagacagagtcacactttgtcacccaggctagagtgcagtggtgcgatctcagctcactgcaacctctgactcccaggctcaaaccattctcgttcctcagcctccccagtagctGGGATTATAGGCATGTGCCACTACGCCTggctaatttttgtatatatctatttttttctaggtggtgtttcgctgtgtcgcccaggctggaatgcagtggcacaaccttggctcactgcaacctctgcctcccgggttcaagcaattttcctgcctcagcctcctgagtagctgggac,0,
"C17ORF85_Baltz2012.train.neg_679;chr16,3755774,3755819,-",gtaatcccagcactttgggaggccgaggtgggccgatcacctgaggtcaggagtttgagaccagcctgaccaacatggagaaaccccgtctctactaaaaaaaaatatatatatatataaaattagccgggtgtggtggcacatgcctgtAATCTCAGCTACTCGGGAGGCTGAGGCAGGAGAATCACTTGAACCcgggaggcagaggttgcagtgagccaagatcatgtcattgcactccagcctggcaacgagagtgaaactctgtctcacaaaaaatttggaagcaacccagttgcccatcatttgatgaatggaaaaaaataatctatacagcggagtgct,0,
"C17ORF85_Baltz2012.train.neg_2052;chrX,137802248,137802272,-",ggtcttcaaataatgtcatttctttcaatattgtttccttataatgttgatgagaaaaaaatttggtttcgttatgtcatttcgcttaaaattgcagttttcaagaacatatcaatgacataagtaatgatttattgtactttgaatagtGCCCGGAGTAGAGTTGGTGCTCAAtacattagagctattagtatttttgcatccttcaggtcttagctcagtacttgtcaaacagttatcagtaaatgttgaatgaataaattaatgaatgaacaaatgaacaaatggcccaagccaaatgtattcaacttctcttgcctcaga,0,
"C17ORF85_Baltz2012.train.neg_184;chr11,118456316,118456350,+",ttctaattaaagtctaagtagaaccaatctttaatccaaaacttgtagatatctttaatagcaaattaatatattttgcatttttattttatttatttatttttttgagatggggtttcactctgtcacccaggctggagtacagtggtgCAATCTCAGCTTGTTGCAACCTCTGCCTCCCAGGttcaagtgattctcccacctcagcctcccaagtagctgggactacaggcatgcaccaccacgctgggctaatttctgtattttggtagagatggggttttgccttgttgcccaggctggtctcgaactcctggactcaagcaatctgcct,0,
"C17ORF85_Baltz2012.train.neg_929;chr18,67797148,67797177,-",ctggggtgagatatctcattgtggttttgatttgcatttctctgatgattggtaatgttgagaattttttcatatacctgttggtcatttgtatgtcttttaagaagtttctattcagatcttttgcccagcttttaattggattattatTATTATTATTTTGCTGTTAAGTTGTTTGAgttccttatatattttgatggttaatctcttgccagttgaatagtttgcaagtgttttctctcattccataggtggtctcttcactttgttgactgtttcctttgctatgcagaagctttttagcttgatatgatcccatttacttattt,0,
"C17ORF85_Baltz2012.train.neg_84;chr10,18445678,18445710,+",tgaggttgctgttggttctattccatataaacttgttgtaaagtgataaactagctcatcttatacagtacatcaaatatttcaaagacagaatctgttcttccttgcagtttcctaaaacattaattggaacaaaagttaactgtgggcTGGGCGTGGTGGCTCACACCTGTAATCTCAGCactttgggaggctgaagcaggagggtcacctgaggtcaggagatcgagaccagcctgaccaacatggagaaaccctgtctctactaaaagtagaaaaaaaaaaaaaaattggctgggtgtggtggcgcatgcctgtaatcccagctactt,0,
"C17ORF85_Baltz2012.train.neg_978;chr19,44678372,44678393,+",cataaataagggatattgcaaaatattttttgtcttctaatgaattcctaacctaattctaatttctctttgtgtgtgtgtgtgtgtgtgtgtgtgtttgcatgtgtttgcctgtctgtacaagttgacccatatcttggggaacctataGTGTCATAGTTGTAACCAAACtgaataacatgctttgtttatgactttctttgagcatttgtagcagagcatattcattcggggagggaatattttacaataaggacttttatttctatttcttaggtattcccccatagaagggaataaaattcgatttccttatccatt,0,
"C17ORF85_Baltz2012.train.neg_1239;chr21,37771930,37771969,+",ttactagaagtggtaaatcagacatgttctttcttcagggtgctgcgagtatacagtatacagaagaagcgtgtggctttcaatgtttcgaagatgctgtctggaataggggctgaaggagaggtataaaatattttgccattctttttcAGCAGCGCTTTAACTGAGACTTAGGAAGTCATGAGCTCCtcccatacccttgcagccaaatcactggccacaaagagccgattccagaactacaataaggcttccttttggacagtcaaggctcagttactgtggtgggctagtctgtatggaaatggggacatctggagaccagggtagagccactga,0,
"C17ORF85_Baltz2012.train.neg_1631;chr5,74712735,74712759,-",tgaattatttcctcattagagatattttcagtgaataattttcattttcagtatttccacatgtgacaccaaaaggaattaatggtatagactttaaaggggaagcgataacttttaaagcaactactgctggaatccttgcaacactttCTCATTGTATTGAACTAATGGTTAaacgtgaggacagctggcagaagagactggataaggtaagactaggtttttttccttttaaaaataatcacatttaagttttacgtattgtttgaatatttaaaacaagctaacttcttagggaagaatcttgggttgatagaaatagca,0,
"C17ORF85_Baltz2012.train.neg_145;chr10,105455774,105455797,-",ggattcctcttcgttcccaccattcagtcacagcctggtgacccccactgccaggacctcagcctccaccccattaaccccatgtgctgatcaggccctctgggctctgccttctactcctgcatccactactccaggaaggggtggtaaGTGGGCATTTGTCTTGAGCCTCAgagcaaggcctgggttttctggtccccagtcctggtctcacccactcactatggccttgaggaagttgtccggcttctctaagctttggtcttctcacctgcaagaggagagcccacaccccctgcagggagggacccggaagtcctcgg,0,
